time,positions,velocities,currents
1791466672.5883548,"[-0.08712299999999118, 3.9558629999999937, -0.8781419999999969, 0.17654999999999177, -0.17501400000000444, 0.8796780000000126, -0.08712299999999118, -0.2629049999999893, 0.0007679999999936626, 1.6706969999999899, -0.9660330000000101, 0.528113999999988, -1.229705999999993, 178.41949799999998, 40.43062800000001, 25.752831000000015]","[0.0, 0.0, 1.0, 1.0, 0.0, 0.0, 1.0, 0.0, 0.0, 0.0, 0.0, 0.0, 0.0, 0.0, 1.0, 0.0]","[0.0, -30.0, 15.0, -10.0, 12.0, -13.0, -1.0, 10.0, -13.0, -16.0, 11.0, -10.0, 11.0, 13.0, -11.0, -15.0]"
1791466672.8129175,"[-0.6144689999999855, 3.9558629999999937, -0.790251000000012, 0.3523319999999899, -0.17501400000000444, 0.9675689999999975, 0.3523319999999899, -0.08712299999999118, 0.7038960000000145, 1.6706969999999899, -0.9660330000000101, 0.6160050000000012, -1.229705999999993, 178.41949799999998, 40.518519, 25.840722]","[-1.0, 0.0, 1.0, 0.0, 0.0, 1.0, 1.0, 1.0, 1.0, 0.0, 1.0, 1.0, 0.0, 1.0, 1.0, 1.0]","[-12.0, -24.0, 18.0, 12.0, 10.0, 10.0, 11.0, 13.0, 14.0, -12.0, 13.0, 10.0, 12.0, 9.0, 10.0, 15.0]"
1791466673.0399323,"[-1.4933790000000045, 3.9558629999999937, -0.2629049999999893, 0.7038960000000145, -0.17501400000000444, 1.1433509999999956, 0.8796780000000126, 0.08865900000000693, 1.6706969999999899, 1.7585880000000031, -0.5265780000000007, 0.7917869999999994, -1.229705999999993, 178.33160700000002, 40.518519, 26.455959000000007]","[-1.0, 0.0, 3.0, 1.0, 0.0, 1.0, 2.0, 1.0, 3.0, 1.0, 1.0, 1.0, 0.0, 1.0, 0.0, 1.0]","[-13.0, -19.0, 19.0, 13.0, 11.0, 11.0, 12.0, 14.0, 14.0, 10.0, 15.0, 11.0, 12.0, -8.0, 13.0, 15.0]"
1791466673.2634468,"[-2.548070999999993, 3.9558629999999937, 0.8796780000000126, 1.6706969999999899, -0.17501400000000444, 1.2312420000000088, 1.7585880000000031, 1.6706969999999899, 2.725389000000007, 1.9343700000000013, 0.6160050000000012, 1.0554600000000107, -1.229705999999993, 178.155825, 41.74899300000001, 27.246978000000013]","[-1.0, 0.0, 1.0, 2.0, 0.0, 1.0, 1.0, 3.0, 3.0, 1.0, 1.0, 1.0, 0.0, 0.0, 3.0, 1.0]","[-12.0, -16.0, 20.0, 13.0, 11.0, 15.0, 13.0, 13.0, 14.0, 12.0, 16.0, 15.0, 11.0, -9.0, 13.0, 15.0]"
1791466673.4871342,"[-3.514871999999997, 4.043754000000007, 1.7585880000000031, 2.813279999999992, -0.17501400000000444, 1.2312420000000088, 2.6374979999999937, 2.549607000000009, 3.7800809999999956, 2.0222610000000145, 1.6706969999999899, 2.2859339999999975, -1.229705999999993, 178.155825, 42.54001199999999, 28.30167]","[-1.0, 1.0, 1.0, 3.0, 0.0, 1.0, 3.0, 4.0, 2.0, 1.0, 4.0, 4.0, 0.0, 0.0, 2.0, 3.0]","[-13.0, -14.0, 20.0, 13.0, 11.0, 18.0, 12.0, 13.0, 14.0, 14.0, 15.0, 13.0, 11.0, -13.0, 13.0, 14.0]"
1791466673.7079687,"[-4.481673000000001, 4.483208999999988, 2.813279999999992, 3.6921900000000107, -0.17501400000000444, 1.4949149999999918, 3.4285169999999994, 3.4285169999999994, 3.7800809999999956, 2.1101519999999994, 2.2859339999999975, 2.2859339999999975, -1.229705999999993, 177.98004300000002, 43.59470400000001, 29.35636199999999]","[-2.0, 1.0, 2.0, 1.0, 0.0, 1.0, 3.0, 1.0, 1.0, 1.0, 1.0, 1.0, 0.0, 1.0, 2.0, 2.0]","[-13.0, 14.0, 19.0, 13.0, 12.0, 23.0, 14.0, 13.0, 16.0, 19.0, 17.0, 16.0, 13.0, -18.0, 13.0, 14.0]"
1791466673.9337997,"[-5.360582999999991, 4.746881999999999, 3.7800809999999956, 4.9226639999999975, -0.17501400000000444, 1.846478999999988, 4.30742699999999, 4.395318000000003, 5.713683000000003, 2.4617159999999956, 3.5164080000000126, 4.395318000000003, -1.229705999999993, 177.892152, 44.73728700000001, 30.147380999999996]","[0.0, 1.0, 3.0, 3.0, 0.0, 2.0, 1.0, 1.0, 3.0, 1.0, 3.0, 3.0, 0.0, 0.0, 1.0, 1.0]","[-13.0, 16.0, 20.0, 13.0, 11.0, 27.0, 14.0, 14.0, 14.0, 24.0, 16.0, 14.0, 12.0, -23.0, 12.0, 15.0]"
1791466674.1575158,"[-6.23949300000001, 5.010555000000011, 3.7800809999999956, 5.801573999999988, -0.17501400000000444, 2.1980430000000126, 5.274227999999994, 5.274227999999994, 5.801573999999988, 2.901171000000005, 4.395318000000003, 5.186337000000009, -1.229705999999993, 177.71636999999998, 45.87987000000001, 31.289963999999998]","[-2.0, 1.0, 1.0, 1.0, 0.0, 1.0, 1.0, 1.0, 1.0, 1.0, 2.0, 1.0, 0.0, 0.0, 1.0, 2.0]","[-13.0, 18.0, 27.0, 12.0, 11.0, 37.0, 15.0, 13.0, 15.0, 27.0, 14.0, 15.0, 11.0, -29.0, 12.0, 15.0]"
1791466674.383368,"[-7.382076000000012, 6.153138000000013, 5.889465000000001, 6.94415699999999, -0.17501400000000444, 3.076953000000003, 5.362119000000007, 6.680484000000007, 7.647285000000011, 3.9558629999999937, 5.537901000000005, 6.592592999999994, -1.229705999999993, 177.71636999999998, 47.02245300000001, 32.256765]","[-2.0, 3.0, 3.0, 3.0, 0.0, 1.0, 1.0, 3.0, 3.0, 2.0, 1.0, 3.0, 0.0, 0.0, 4.0, 1.0]","[-12.0, 18.0, 20.0, 12.0, 11.0, 33.0, 18.0, 12.0, 14.0, 28.0, 16.0, 13.0, 12.0, -37.0, 11.0, 14.0]"
1791466674.6066492,"[-8.260986000000003, 6.856266000000005, 6.504702000000009, 7.823067000000009, -0.17501400000000444, 3.867972000000009, 7.207830000000001, 7.735175999999996, 8.526195000000001, 4.6589910000000145, 6.592592999999994, 7.383611999999999, -1.229705999999993, 176.310114, 47.110344, 33.399348]","[0.0, 3.0, 7.0, 1.0, 0.0, 3.0, 1.0, 2.0, 3.0, 4.0, 4.0, 1.0, 0.0, -4.0, 1.0, 3.0]","[-13.0, 18.0, 20.0, 13.0, 11.0, 33.0, 13.0, 12.0, 14.0, 28.0, 15.0, 14.0, 11.0, -33.0, 15.0, 15.0]"
1791466674.8296218,"[-9.315677999999991, 8.174631000000005, 7.910957999999994, 8.877758999999998, -0.17501400000000444, 5.098445999999996, 8.174631000000005, 8.701977, 8.789868000000013, 5.9773560000000145, 7.471503000000013, 8.438303999999988, -1.229705999999993, 174.815967, 48.780272999999994, 34.36614900000001]","[0.0, 2.0, 1.0, 1.0, 0.0, 1.0, 1.0, 2.0, 4.0, 3.0, 3.0, 1.0, 0.0, -1.0, 5.0, 3.0]","[-13.0, 18.0, 19.0, 12.0, 10.0, 32.0, 14.0, 12.0, 15.0, 27.0, 15.0, 13.0, 11.0, -30.0, 12.0, 14.0]"
1791466675.0551586,"[-10.282478999999995, 9.405104999999992, 8.877758999999998, 9.844560000000001, -0.17501400000000444, 6.328920000000011, 9.229322999999994, 9.492996000000005, 10.635579000000007, 7.119938999999988, 8.438303999999988, 9.492996000000005, -1.229705999999993, 173.761275, 49.83496500000001, 35.33295000000001]","[-1.0, 4.0, 4.0, 1.0, 0.0, 1.0, 1.0, 1.0, 1.0, 3.0, 1.0, 2.0, 0.0, 0.0, 2.0, 2.0]","[-13.0, 17.0, 20.0, 12.0, 11.0, 31.0, 14.0, 13.0, 14.0, 23.0, 16.0, 14.0, 12.0, -30.0, 12.0, 13.0]"
1791466675.279303,"[-11.073498, 10.196123999999998, 9.932451000000015, 10.89925199999999, -0.17501400000000444, 7.207830000000001, 10.28401500000001, 10.723469999999992, 11.426598000000013, 7.998849000000007, 9.229322999999994, 10.459797000000009, -1.229705999999993, 173.233929, 50.713875, 36.21186]","[-2.0, 3.0, 1.0, 3.0, 0.0, 3.0, 2.0, 2.0, 4.0, 4.0, 0.0, 4.0, 0.0, -1.0, 1.0, 2.0]","[-14.0, 17.0, 19.0, 12.0, 11.0, 31.0, 13.0, 13.0, 14.0, 24.0, 17.0, 13.0, 11.0, -33.0, 12.0, 14.0]"
1791466675.5016909,"[-12.216081000000003, 11.426598000000013, 10.89925199999999, 11.866052999999994, -0.17501400000000444, 8.438303999999988, 11.250816000000015, 11.60238000000001, 12.481290000000001, 9.229322999999994, 10.459797000000009, 11.250816000000015, -1.229705999999993, 172.530801, 50.889657, 37.354443]","[-2.0, 1.0, 2.0, 2.0, 1.0, 1.0, 2.0, 1.0, 2.0, 2.0, 3.0, 3.0, 0.0, 0.0, 4.0, 2.0]","[-13.0, 17.0, 19.0, 12.0, 11.0, 29.0, 14.0, 13.0, 14.0, 24.0, 16.0, 13.0, 11.0, -35.0, 16.0, 14.0]"
1791466675.7234042,"[-13.094990999999993, 12.481290000000001, 11.778162000000009, 12.744963000000013, -0.17501400000000444, 9.317214000000007, 12.21761699999999, 12.481290000000001, 13.360199999999992, 9.932451000000015, 11.338707, 12.305508000000003, -1.229705999999993, 170.77298100000002, 52.735367999999994, 38.233352999999994]","[-1.0, 1.0, 1.0, 1.0, 1.0, 1.0, 1.0, 4.0, 1.0, 1.0, 1.0, 2.0, 0.0, -6.0, 3.0, 1.0]","[-13.0, 17.0, 19.0, 12.0, 12.0, 29.0, 15.0, 12.0, 14.0, 27.0, 16.0, 13.0, 12.0, -27.0, 12.0, 14.0]"
1791466675.9473987,"[-14.14968300000001, 13.096527000000009, 12.832853999999998, 13.799655000000001, -0.17501400000000444, 10.108233000000013, 13.272309000000007, 13.711763999999988, 14.414892000000009, 10.459797000000009, 12.129726000000005, 13.360199999999992, -1.229705999999993, 169.80617999999998, 53.526387, 39.46382700000001]","[0.0, 2.0, 1.0, 2.0, 0.0, 1.0, 3.0, 1.0, 1.0, 1.0, 4.0, 1.0, 0.0, 0.0, 3.0, 2.0]","[-13.0, 18.0, 18.0, 11.0, 12.0, 32.0, 14.0, 12.0, 14.0, 30.0, 17.0, 15.0, 11.0, -29.0, 14.0, 14.0]"
1791466676.1751714,"[-15.116483999999986, 14.063328000000013, 13.887546000000015, 14.85434699999999, -0.17501400000000444, 11.250816000000015, 14.063328000000013, 14.502782999999994, 15.469583999999998, 11.866052999999994, 13.184417999999994, 13.448091000000005, -1.229705999999993, 169.71828900000003, 54.58107900000002, 40.342737]","[0.0, 4.0, 2.0, 3.0, 0.0, 7.0, 1.0, 1.0, 2.0, 6.0, 1.0, 0.0, 0.0, 1.0, 2.0, 2.0]","[-14.0, 17.0, 19.0, 13.0, 12.0, 30.0, 15.0, 14.0, 15.0, 25.0, 16.0, 16.0, 12.0, -37.0, 13.0, 15.0]"
1791466676.3961294,"[-16.346958, 15.645365999999996, 14.85434699999999, 15.733257000000009, -0.17501400000000444, 12.569181000000015, 15.293802, 15.996929999999992, 16.436385, 13.184417999999994, 14.414892000000009, 15.293802, -1.229705999999993, 168.92727000000002, 55.635771000000005, 41.309538]","[-1.0, 4.0, 1.0, 1.0, 1.0, 3.0, 2.0, 3.0, 1.0, 2.0, 4.0, 5.0, 0.0, -4.0, 1.0, 3.0]","[-13.0, 15.0, 19.0, 12.0, 11.0, 28.0, 14.0, 12.0, 14.0, 25.0, 16.0, 14.0, 12.0, -39.0, 12.0, 14.0]"
1791466676.6231902,"[-17.313759000000005, 16.700058000000013, 15.821147999999994, 16.700058000000013, -0.17501400000000444, 13.623873000000003, 16.348493999999988, 16.787948999999998, 17.403186000000005, 14.063328000000013, 15.205911000000015, 16.17271199999999, -1.229705999999993, 168.57570600000003, 56.514680999999996, 42.27633900000001]","[-1.0, 4.0, 2.0, 3.0, 0.0, 3.0, 3.0, 1.0, 5.0, 1.0, 3.0, 1.0, 0.0, 0.0, 2.0, 1.0]","[-13.0, 16.0, 18.0, 12.0, 11.0, 26.0, 14.0, 12.0, 15.0, 25.0, 17.0, 14.0, 11.0, -49.0, 13.0, 16.0]"
1791466676.8459551,"[-18.456342000000006, 17.49107699999999, 17.05162200000001, 17.842641000000015, -0.17501400000000444, 14.414892000000009, 17.403186000000005, 17.930532, 18.36998700000001, 14.942238000000003, 16.524276000000015, 17.315294999999992, -1.229705999999993, 168.57570600000003, 57.657264, 43.331030999999996]","[-2.0, 1.0, 4.0, 3.0, 0.0, 1.0, 2.0, 3.0, 1.0, 6.0, 2.0, 2.0, 1.0, 1.0, 4.0, 2.0]","[-13.0, 17.0, 18.0, 12.0, 11.0, 27.0, 14.0, 12.0, 15.0, 26.0, 16.0, 13.0, 11.0, -52.0, 13.0, 14.0]"
1791466677.0703743,"[-19.42314300000001, 18.633659999999992, 17.930532, 18.721551000000005, -0.17501400000000444, 15.733257000000009, 18.36998700000001, 18.897333000000003, 19.424678999999998, 16.17271199999999, 17.578968000000003, 18.282095999999996, -1.229705999999993, 166.466322, 58.53617400000002, 44.297832]","[-1.0, 4.0, 1.0, 3.0, 0.0, 6.0, 1.0, 3.0, 3.0, 5.0, 5.0, 1.0, 1.0, -10.0, 3.0, 1.0]","[-13.0, 17.0, 20.0, 12.0, 11.0, 24.0, 14.0, 12.0, 15.0, 24.0, 15.0, 13.0, 11.0, -37.0, 14.0, 15.0]"
1791466677.2933872,"[-20.389943999999986, 19.776242999999994, 19.161006000000015, 19.51257000000001, -0.08712299999999118, 16.87584000000001, 18.985223999999988, 19.776242999999994, 19.424678999999998, 17.49107699999999, 18.545769000000007, 19.424678999999998, -1.1418150000000082, 164.708502, 59.50297499999999, 45.35252399999999]","[-1.0, 1.0, 4.0, 1.0, 1.0, 2.0, 1.0, 1.0, 1.0, 2.0, 2.0, 2.0, 0.0, 0.0, 1.0, 3.0]","[-12.0, 17.0, 17.0, 12.0, 9.0, 24.0, 15.0, 12.0, 17.0, 24.0, 16.0, 12.0, 12.0, -34.0, 13.0, 14.0]"
1791466677.515987,"[-21.35674499999999, 20.39148, 19.161006000000015, 19.952024999999992, -0.17501400000000444, 17.578968000000003, 20.039916000000005, 20.655153000000013, 21.44617199999999, 18.36998700000001, 19.424678999999998, 20.39148, -1.229705999999993, 164.269047, 60.645557999999994, 46.31932499999999]","[-1.0, 8.0, 1.0, 2.0, 1.0, 2.0, 1.0, 0.0, 3.0, 3.0, 1.0, 1.0, 0.0, -5.0, 3.0, 3.0]","[-12.0, 16.0, 24.0, 16.0, 10.0, 27.0, 14.0, 12.0, 15.0, 25.0, 15.0, 13.0, 13.0, -38.0, 13.0, 13.0]"
1791466677.7430322,"[-22.49932799999999, 22.32508200000001, 21.182499000000007, 21.885627, -0.17501400000000444, 19.336788000000013, 20.567262, 21.885627, 21.621953999999988, 19.68835200000001, 20.655153000000013, 21.44617199999999, -1.229705999999993, 163.478028, 61.348686000000015, 47.286125999999996]","[-1.0, 3.0, 3.0, 3.0, 0.0, 3.0, 1.0, 2.0, 1.0, 1.0, 2.0, 1.0, 1.0, 0.0, 5.0, 2.0]","[-13.0, 14.0, 18.0, 13.0, 10.0, 22.0, 17.0, 12.0, 16.0, 21.0, 14.0, 12.0, 11.0, -42.0, 13.0, 14.0]"
1791466677.9653056,"[-23.729802000000007, 23.379773999999998, 22.14930000000001, 22.76453699999999, -0.17501400000000444, 20.39148, 21.358281000000005, 22.76453699999999, 23.379773999999998, 20.918825999999996, 21.358281000000005, 22.412972999999994, -1.1418150000000082, 161.720208, 62.667051000000015, 48.34081800000001]","[0.0, 1.0, 1.0, 2.0, 0.0, 1.0, 0.0, 1.0, 3.0, 3.0, 4.0, 1.0, 0.0, -5.0, 4.0, 3.0]","[-12.0, 14.0, 18.0, 12.0, 11.0, 22.0, 18.0, 12.0, 15.0, 21.0, 15.0, 13.0, 12.0, -34.0, 13.0, 14.0]"
1791466678.1910021,"[-24.43293, 24.170793000000003, 23.02821, 23.819229000000007, -0.17501400000000444, 21.44617199999999, 22.412972999999994, 23.907119999999992, 24.522357, 21.885627, 22.588754999999992, 23.291883000000013, -1.229705999999993, 160.929189, 63.545961000000005, 49.30761899999999]","[0.0, 3.0, 2.0, 3.0, 0.0, 4.0, 3.0, 4.0, 1.0, 2.0, 4.0, 1.0, 1.0, 0.0, 3.0, 3.0]","[-13.0, 14.0, 21.0, 13.0, 12.0, 21.0, 17.0, 12.0, 14.0, 20.0, 13.0, 15.0, 12.0, -34.0, 14.0, 14.0]"
1791466678.4133666,"[-25.487621999999988, 25.577048999999988, 24.08290199999999, 24.698138999999998, -0.17501400000000444, 22.852428000000003, 22.940318999999988, 24.78603000000001, 25.313376000000005, 23.02821, 23.555555999999996, 24.522357, -1.1418150000000082, 159.61082399999998, 64.424871, 50.18652900000001]","[0.0, 3.0, 3.0, 1.0, 1.0, 2.0, 2.0, 1.0, 2.0, 1.0, 2.0, 4.0, 1.0, -1.0, 1.0, 2.0]","[-13.0, 13.0, 18.0, 12.0, 12.0, 19.0, 20.0, 12.0, 14.0, 19.0, 16.0, 12.0, 11.0, -33.0, 13.0, 15.0]"
1791466678.638266,"[-26.63020499999999, 26.543849999999992, 24.78603000000001, 25.840722, -0.17501400000000444, 23.731337999999994, 23.995011000000005, 25.752831000000015, 26.631741000000005, 24.170793000000003, 24.434466000000015, 25.752831000000015, -1.1418150000000082, 158.204568, 65.567454, 51.065439]","[-1.0, 1.0, 3.0, 3.0, 0.0, 1.0, 1.0, 1.0, 1.0, 1.0, 1.0, 2.0, 0.0, -2.0, 4.0, 1.0]","[-12.0, 14.0, 19.0, 13.0, 11.0, 20.0, 19.0, 13.0, 14.0, 19.0, 16.0, 12.0, 12.0, -33.0, 13.0, 14.0]"
1791466678.8629856,"[-27.684897000000007, 27.42276000000001, 25.840722, 26.895413999999988, -0.17501400000000444, 24.610248000000013, 25.049702999999994, 26.895413999999988, 27.59854200000001, 25.049702999999994, 25.577048999999988, 26.543849999999992, -1.229705999999993, 157.32565799999998, 66.534255, 52.208022]","[-1.0, 1.0, 1.0, 2.0, 0.0, 1.0, 1.0, 1.0, 3.0, 3.0, 1.0, 2.0, 1.0, 0.0, 3.0, 1.0]","[-12.0, 14.0, 20.0, 12.0, 11.0, 20.0, 18.0, 12.0, 14.0, 19.0, 16.0, 13.0, 11.0, -33.0, 14.0, 14.0]"
1791466679.0869355,"[-28.475916000000012, 27.686432999999994, 26.71963199999999, 27.950106000000005, -0.17501400000000444, 24.96181200000001, 26.28017700000001, 27.59854200000001, 28.829015999999996, 25.489158000000003, 26.368067999999994, 27.774324000000007, -1.1418150000000082, 156.358857, 67.76472900000002, 53.174823]","[0.0, 1.0, 1.0, 1.0, 1.0, 1.0, 4.0, 3.0, 2.0, 1.0, 3.0, 1.0, 0.0, -1.0, 3.0, 1.0]","[-13.0, 15.0, 20.0, 12.0, 11.0, 25.0, 17.0, 13.0, 13.0, 23.0, 16.0, 11.0, 13.0, -33.0, 14.0, 14.0]"
1791466679.310984,"[-29.354826000000003, 28.213778999999988, 27.862214999999992, 29.004797999999994, -0.17501400000000444, 25.752831000000015, 27.42276000000001, 28.565343000000013, 29.883708000000013, 26.28017700000001, 27.59854200000001, 28.91690700000001, -1.1418150000000082, 155.47994699999998, 68.64363900000001, 54.14162400000001]","[0.0, 2.0, 1.0, 3.0, 0.0, 5.0, 3.0, 2.0, 1.0, 2.0, 2.0, 3.0, 1.0, -4.0, 3.0, 1.0]","[-14.0, 17.0, 20.0, 13.0, 12.0, 28.0, 17.0, 13.0, 14.0, 25.0, 15.0, 12.0, 11.0, -34.0, 13.0, 14.0]"
1791466679.5340588,"[-30.58529999999999, 28.653233999999998, 28.653233999999998, 30.05949000000001, -0.17501400000000444, 26.192285999999996, 28.389561000000015, 29.795817, 30.762618000000003, 26.895413999999988, 28.477452, 29.883708000000013, -1.1418150000000082, 154.68892799999998, 69.43465800000001, 55.196315999999996]","[-3.0, 3.0, 1.0, 3.0, 0.0, 1.0, 2.0, 1.0, 2.0, 4.0, 1.0, 1.0, 0.0, 0.0, 1.0, 2.0]","[-12.0, 18.0, 20.0, 11.0, 12.0, 30.0, 17.0, 12.0, 14.0, 25.0, 16.0, 12.0, 13.0, -32.0, 13.0, 14.0]"
1791466679.7560897,"[-31.552100999999993, 28.91690700000001, 29.795817, 31.114182, -0.17501400000000444, 26.543849999999992, 29.532143999999988, 30.762618000000003, 31.905201000000005, 27.334868999999998, 29.620035, 30.9384, -1.1418150000000082, 153.370563, 70.665132, 56.25100800000001]","[0.0, 1.0, 3.0, 3.0, 0.0, 1.0, 2.0, 1.0, 2.0, 0.0, 3.0, 1.0, 1.0, -1.0, 5.0, 3.0]","[-13.0, 23.0, 20.0, 12.0, 11.0, 36.0, 17.0, 12.0, 14.0, 32.0, 15.0, 12.0, 11.0, -34.0, 12.0, 14.0]"
1791466679.9823198,"[-32.60679300000001, 29.35636199999999, 30.850508999999988, 32.080983, -0.17501400000000444, 26.631741000000005, 30.586836000000005, 31.905201000000005, 32.784110999999996, 27.42276000000001, 30.23527200000001, 31.026291000000015, -1.1418150000000082, 152.22798, 71.631933, 57.21780900000002]","[-1.0, 1.0, 2.0, 2.0, 1.0, 1.0, 3.0, 1.0, 4.0, 1.0, 1.0, 1.0, 0.0, -2.0, 2.0, 1.0]","[-13.0, 27.0, 20.0, 12.0, 11.0, 46.0, 17.0, 12.0, 14.0, 38.0, 17.0, 13.0, 12.0, -31.0, 13.0, 16.0]"
1791466680.2069924,"[-33.485703, 29.532143999999988, 31.641527999999994, 32.959892999999994, -0.17501400000000444, 27.59854200000001, 31.641527999999994, 32.784110999999996, 33.83880300000001, 27.774324000000007, 31.37785500000001, 32.69622000000001, -1.1418150000000082, 151.524852, 72.774516, 58.272501000000005]","[-1.0, 1.0, 1.0, 1.0, 0.0, 1.0, 1.0, 1.0, 2.0, 3.0, 1.0, 1.0, 1.0, 0.0, 1.0, 2.0]","[-13.0, 31.0, 20.0, 12.0, 11.0, 42.0, 16.0, 12.0, 14.0, 43.0, 16.0, 12.0, 12.0, -33.0, 12.0, 13.0]"
1791466680.4279377,"[-34.54039499999999, 29.883708000000013, 32.959892999999994, 34.19036700000001, -0.17501400000000444, 27.774324000000007, 32.784110999999996, 33.926694, 34.80560399999999, 27.774324000000007, 32.52043800000001, 33.663021000000015, -1.1418150000000082, 150.82172400000002, 73.91709900000001, 59.23930200000001]","[-2.0, 5.0, 4.0, 3.0, 0.0, 1.0, 3.0, 4.0, 1.0, 1.0, 2.0, 1.0, 1.0, 0.0, 3.0, 2.0]","[-12.0, 40.0, 19.0, 13.0, 11.0, 54.0, 16.0, 10.0, 14.0, 54.0, 15.0, 12.0, 12.0, -33.0, 13.0, 15.0]"
1791466680.6548016,"[-35.41930500000001, 29.883708000000013, 33.83880300000001, 34.981386000000015, -0.17501400000000444, 29.35636199999999, 33.750912, 35.069277, 35.77240499999999, 29.092689000000007, 33.57513, 34.717713, -1.1418150000000082, 150.20648699999998, 74.796009, 60.293994]","[0.0, 1.0, 1.0, 1.0, 0.0, 9.0, 7.0, 4.0, 3.0, 1.0, 3.0, 1.0, 1.0, 0.0, 3.0, 3.0]","[-13.0, 46.0, 20.0, 12.0, 11.0, 41.0, 15.0, 12.0, 13.0, 51.0, 16.0, 12.0, 12.0, -41.0, 12.0, 14.0]"
1791466680.876718,"[-36.38610600000001, 31.114182, 34.981386000000015, 36.12396899999999, -0.17501400000000444, 29.971598999999998, 34.981386000000015, 35.94818699999999, 36.563424, 29.35636199999999, 34.45403999999999, 34.717713, -1.1418150000000082, 148.888122, 75.938592, 61.348686000000015]","[0.0, 1.0, 3.0, 3.0, 1.0, 1.0, 2.0, 1.0, 1.0, 3.0, 1.0, 1.0, 1.0, -3.0, 4.0, 2.0]","[-13.0, 43.0, 18.0, 12.0, 11.0, 53.0, 15.0, 11.0, 14.0, 54.0, 15.0, 14.0, 11.0, -33.0, 11.0, 14.0]"
1791466681.1027558,"[-37.528688999999986, 31.465745999999996, 36.12396899999999, 37.00287900000001, -0.17501400000000444, 29.883708000000013, 36.12396899999999, 36.82709700000001, 37.79389800000001, 32.344656000000015, 35.68451400000001, 36.739205999999996, -1.1418150000000082, 147.745539, 76.81750199999999, 62.13970499999999]","[0.0, 1.0, 4.0, 1.0, 1.0, 1.0, 3.0, 1.0, 2.0, 5.0, 3.0, 4.0, 1.0, -2.0, 1.0, 1.0]","[-12.0, 50.0, 18.0, 12.0, 11.0, 62.0, 14.0, 12.0, 14.0, 39.0, 15.0, 11.0, 12.0, -35.0, 12.0, 15.0]"
1791466681.3243232,"[-38.407599000000005, 33.13567499999999, 37.09076999999999, 37.881789, -0.17501400000000444, 32.784110999999996, 37.178661000000005, 37.96968000000001, 38.40913499999999, 32.344656000000015, 36.563424, 37.44233399999999, -1.1418150000000082, 146.69084700000002, 78.13586700000002, 63.37017900000001]","[-1.0, 4.0, 2.0, 1.0, 0.0, 9.0, 3.0, 1.0, 8.0, 1.0, 1.0, 2.0, 1.0, -4.0, 5.0, 3.0]","[-13.0, 44.0, 18.0, 13.0, 12.0, 37.0, 14.0, 11.0, 14.0, 50.0, 14.0, 13.0, 12.0, -33.0, 11.0, 14.0]"
1791466681.5489163,"[-39.63807299999999, 33.13567499999999, 38.233352999999994, 38.936481000000015, -0.08712299999999118, 32.959892999999994, 38.32124400000001, 39.11226300000001, 39.63960900000001, 33.48723899999999, 37.706007, 38.672808, -1.1418150000000082, 145.899828, 78.83899500000001, 64.249089]","[-4.0, 1.0, 1.0, 3.0, 0.0, 1.0, 3.0, 3.0, 1.0, 1.0, 2.0, 1.0, 1.0, 0.0, 4.0, 1.0]","[-12.0, 53.0, 19.0, 13.0, 1.0, 53.0, 13.0, 11.0, 14.0, 46.0, 16.0, 12.0, 12.0, -37.0, 12.0, 15.0]"
1791466681.7747636,"[-40.34120100000001, 35.50873200000001, 39.28804500000001, 40.07906399999999, -0.17501400000000444, 34.80560399999999, 39.375935999999996, 40.07906399999999, 40.694300999999996, 33.48723899999999, 38.84859, 39.815391000000005, -1.1418150000000082, 144.49357200000003, 80.06946900000003, 65.30378100000001]","[0.0, 8.0, 1.0, 2.0, 0.0, 7.0, 3.0, 1.0, 3.0, 1.0, 3.0, 3.0, 1.0, -3.0, 3.0, 2.0]","[-13.0, 37.0, 18.0, 12.0, 10.0, 39.0, 13.0, 11.0, 14.0, 57.0, 14.0, 12.0, 12.0, -32.0, 11.0, 14.0]"
1791466681.9964645,"[-41.571675, 36.036078, 40.342737, 40.870082999999994, -0.17501400000000444, 34.981386000000015, 40.43062800000001, 40.95797400000001, 41.22164699999999, 35.94818699999999, 39.551717999999994, 39.815391000000005, -1.1418150000000082, 142.735752, 81.03627, 66.358473]","[-2.0, 5.0, 2.0, 1.0, 1.0, 1.0, 1.0, 2.0, 2.0, 13.0, 2.0, 1.0, 1.0, -4.0, 3.0, 3.0]","[-12.0, 40.0, 17.0, 13.0, 11.0, 51.0, 12.0, 12.0, 15.0, 37.0, 13.0, 14.0, 11.0, -26.0, 12.0, 14.0]"
1791466682.2193882,"[-42.62636699999999, 37.706007, 41.573211000000015, 41.74899300000001, -0.08712299999999118, 37.26655199999999, 41.48532, 42.10055700000001, 42.71579399999999, 37.44233399999999, 41.133756000000005, 41.836884, -1.1418150000000082, 142.29629699999998, 82.09096199999999, 67.237383]","[0.0, 4.0, 3.0, 1.0, 1.0, 8.0, 1.0, 3.0, 3.0, 1.0, 3.0, 4.0, 1.0, 0.0, 1.0, 1.0]","[-12.0, 39.0, 16.0, 14.0, 2.0, 35.0, 13.0, 12.0, 13.0, 38.0, 13.0, 11.0, 12.0, -32.0, 12.0, 14.0]"
1791466682.4433165,"[-43.681059000000005, 37.706007, 42.54001199999999, 42.979467, -0.08712299999999118, 37.881789, 42.71579399999999, 42.979467, 43.68259499999999, 37.44233399999999, 42.012665999999996, 42.891576000000015, -1.1418150000000082, 141.41738700000002, 83.14565399999998, 68.29207500000001]","[0.0, 1.0, 1.0, 1.0, 1.0, 0.0, 3.0, 1.0, 1.0, 1.0, 0.0, 1.0, 1.0, -1.0, 1.0, 1.0]","[-12.0, 48.0, 17.0, 12.0, 0.0, 42.0, 13.0, 11.0, 14.0, 48.0, 14.0, 12.0, 11.0, -33.0, 12.0, 15.0]"
1791466682.669307,"[-44.91153299999999, 39.200154, 43.506812999999994, 43.68259499999999, -0.08712299999999118, 37.96968000000001, 43.59470400000001, 44.12205, 43.68259499999999, 38.40913499999999, 43.155249, 44.03415899999999, -1.1418150000000082, 140.099022, 83.93667299999998, 69.346767]","[-1.0, 12.0, 2.0, 5.0, 1.0, 2.0, 3.0, 2.0, 1.0, 10.0, 3.0, 3.0, 1.0, -4.0, 4.0, 2.0]","[-12.0, 38.0, 16.0, 12.0, 1.0, 44.0, 12.0, 11.0, 17.0, 44.0, 12.0, 11.0, 12.0, -30.0, 11.0, 15.0]"
1791466682.893044,"[-45.878333999999995, 40.870082999999994, 44.649395999999996, 45.264633, -0.08712299999999118, 40.43062800000001, 44.825177999999994, 45.088851000000005, 45.87987000000001, 41.04586499999999, 44.297832, 45.088851000000005, -1.1418150000000082, 138.86854799999998, 84.99136500000003, 70.313568]","[-1.0, 0.0, 1.0, 3.0, 1.0, 2.0, 4.0, 1.0, 4.0, 5.0, 4.0, 3.0, 1.0, -2.0, 3.0, 3.0]","[-12.0, 38.0, 17.0, 12.0, 0.0, 37.0, 12.0, 11.0, 13.0, 30.0, 12.0, 11.0, 11.0, -27.0, 11.0, 15.0]"
1791466683.1182022,"[-46.757243999999986, 41.04586499999999, 45.616197, 46.23143400000001, -0.08712299999999118, 40.518519, 45.791979, 46.23143400000001, 46.846671000000015, 42.10055700000001, 45.17674199999999, 46.143542999999994, -1.1418150000000082, 137.813856, 86.04605700000002, 71.36825999999999]","[0.0, 1.0, 2.0, 3.0, 1.0, 1.0, 1.0, 3.0, 1.0, 3.0, 2.0, 1.0, 1.0, -4.0, 3.0, 3.0]","[-12.0, 44.0, 17.0, 10.0, 0.0, 43.0, 11.0, 10.0, 13.0, 32.0, 13.0, 11.0, 11.0, -27.0, 12.0, 14.0]"
1791466683.3425658,"[-47.46037200000001, 43.155249, 46.67088899999999, 47.63768999999999, -0.08712299999999118, 42.891576000000015, 46.934562, 47.110344, 47.98925399999999, 42.10055700000001, 46.31932499999999, 47.286125999999996, -1.1418150000000082, 137.462292, 86.22183899999999, 71.54404199999999]","[0.0, 6.0, 2.0, 4.0, 1.0, 6.0, 3.0, 3.0, 3.0, 1.0, 3.0, 4.0, 1.0, 1.0, 1.0, 0.0]","[-14.0, 34.0, 17.0, 12.0, 0.0, 33.0, 12.0, 11.0, 0.0, 41.0, 11.0, 10.0, 11.0, -33.0, 14.0, 17.0]"
1791466683.5660825,"[-48.69084599999999, 44.38572300000001, 47.54979900000001, 47.98925399999999, -0.08712299999999118, 42.891576000000015, 47.98925399999999, 48.077145, 48.95605499999999, 44.12205, 47.286125999999996, 47.286125999999996, -1.1418150000000082, 137.28651000000002, 86.22183899999999, 71.631933]","[0.0, 3.0, 1.0, 6.0, 1.0, 1.0, 3.0, 1.0, 1.0, 6.0, 1.0, 1.0, 1.0, 0.0, 1.0, 0.0]","[-13.0, 33.0, 17.0, 11.0, 0.0, 39.0, 11.0, 10.0, 0.0, 30.0, 12.0, 13.0, 12.0, -40.0, 18.0, 20.0]"
1791466683.786863,"[-49.74553800000001, 45.440415, 48.604490999999996, 49.571292, -0.08712299999999118, 45.088851000000005, 48.95605499999999, 49.219728, 49.922855999999996, 45.616197, 48.34081800000001, 49.13183699999999, -1.1418150000000082, 137.110728, 86.22183899999999, 71.807715]","[0.0, 2.0, 2.0, 4.0, 1.0, 6.0, 2.0, 4.0, 1.0, 4.0, 4.0, 3.0, 1.0, 0.0, 0.0, 1.0]","[-12.0, 33.0, 16.0, 11.0, 0.0, 29.0, 11.0, 11.0, 0.0, 29.0, 12.0, 11.0, 11.0, -51.0, 23.0, 24.0]"
1791466684.0144858,"[-50.712338999999986, 46.31932499999999, 49.571292, 50.62598400000002, -0.08712299999999118, 46.31932499999999, 50.01074700000001, 50.098637999999994, 51.065439, 46.75878, 49.30761899999999, 50.27441999999999, -1.229705999999993, 137.28651000000002, 86.22183899999999, 71.807715]","[0.0, 4.0, 1.0, 3.0, 1.0, 1.0, 3.0, 1.0, 1.0, 4.0, 1.0, 2.0, 0.0, 0.0, 0.0, 1.0]","[-12.0, 33.0, 17.0, 10.0, 0.0, 29.0, 11.0, 11.0, 0.0, 27.0, 12.0, 10.0, 0.0, -8.0, 0.0, 13.0]"
1791466684.2385724,"[-51.591249000000005, 47.54979900000001, 50.538093, 51.50489400000001, -0.08712299999999118, 47.110344, 50.97754800000001, 50.889657, 52.03224, 46.846671000000015, 50.45020199999999, 51.065439, -1.229705999999993, 137.28651000000002, 86.22183899999999, 71.807715]","[0.0, 4.0, 1.0, 1.0, 1.0, 3.0, 2.0, 1.0, 1.0, 1.0, 4.0, 1.0, 0.0, 0.0, 0.0, 1.0]","[-13.0, 31.0, 16.0, 11.0, 0.0, 34.0, 11.0, 12.0, 0.0, 35.0, 12.0, 11.0, 0.0, -8.0, 0.0, 13.0]"
1791466684.4625142,"[-52.558049999999994, 49.043946000000005, 51.76856699999999, 52.735367999999994, -0.08712299999999118, 48.428709, 52.03224, 52.208022, 53.08693199999999, 48.604490999999996, 51.50489400000001, 52.208022, -1.229705999999993, 137.28651000000002, 86.22183899999999, 71.807715]","[0.0, 4.0, 1.0, 3.0, 1.0, 1.0, 2.0, 1.0, 1.0, 5.0, 2.0, 2.0, 0.0, 0.0, 0.0, 1.0]","[-12.0, 29.0, 16.0, 10.0, 0.0, 31.0, 12.0, 11.0, 0.0, 30.0, 11.0, 10.0, 0.0, -8.0, 0.0, 13.0]"
1791466684.6864183,"[-53.700632999999996, 49.83496500000001, 52.559585999999996, 53.526387, -0.08712299999999118, 49.219728, 53.26271400000002, 53.26271400000002, 54.053732999999994, 50.18652900000001, 52.559585999999996, 53.174823, -1.229705999999993, 137.28651000000002, 86.22183899999999, 71.807715]","[-2.0, 6.0, 1.0, 1.0, 1.0, 1.0, 2.0, 3.0, 1.0, 4.0, 3.0, 2.0, 0.0, 1.0, 0.0, 1.0]","[-12.0, 31.0, 16.0, 10.0, 0.0, 32.0, 11.0, 11.0, 0.0, 25.0, 12.0, 11.0, 0.0, -8.0, 0.0, 13.0]"
1791466684.908753,"[-54.491652, 50.713875, 53.79006000000001, 54.66897, -0.08712299999999118, 49.30761899999999, 54.317406000000005, 54.14162400000001, 55.020534, 51.065439, 53.526387, 54.14162400000001, -1.229705999999993, 137.28651000000002, 86.22183899999999, 71.807715]","[-1.0, 3.0, 4.0, 3.0, 1.0, 1.0, 4.0, 1.0, 1.0, 1.0, 2.0, 3.0, 0.0, 1.0, 0.0, 1.0]","[-13.0, 31.0, 16.0, 10.0, 0.0, 38.0, 10.0, 11.0, 0.0, 26.0, 12.0, 11.0, 0.0, -8.0, 0.0, 13.0]"
1791466685.1338096,"[-55.45845299999999, 51.32911200000001, 54.756861000000015, 55.54787999999999, -0.08712299999999118, 51.76856699999999, 55.54787999999999, 55.196315999999996, 56.075226000000015, 51.856458, 54.317406000000005, 55.10842500000001, -1.229705999999993, 137.28651000000002, 86.22183899999999, 71.807715]","[-1.0, 9.0, 1.0, 0.0, 1.0, 6.0, 3.0, 3.0, 1.0, 1.0, 1.0, 1.0, 0.0, 0.0, 0.0, 1.0]","[-13.0, 32.0, 17.0, 11.0, 0.0, 26.0, 10.0, 11.0, 0.0, 29.0, 12.0, 11.0, 0.0, -7.0, 0.0, 13.0]"
1791466685.3554678,"[-56.425253999999995, 53.526387, 55.987335, 56.60257200000001, -0.08712299999999118, 52.64747700000001, 56.690462999999994, 56.163117, 56.954136000000005, 51.94434900000002, 55.45998900000001, 56.25100800000001, -1.229705999999993, 137.28651000000002, 86.22183899999999, 71.807715]","[0.0, 4.0, 3.0, 2.0, 1.0, 1.0, 2.0, 3.0, 2.0, 0.0, 2.0, 3.0, 0.0, 1.0, 0.0, 1.0]","[-13.0, 26.0, 16.0, 10.0, 0.0, 28.0, 9.0, 11.0, 0.0, 34.0, 12.0, 11.0, 0.0, -8.0, 0.0, 14.0]"
1791466685.5788422,"[-57.128382, 53.61427800000001, 56.86624499999999, 57.56937300000001, -0.08712299999999118, 53.96584200000001, 57.74515500000001, 57.21780900000002, 57.92093700000001, 53.877950999999996, 56.338899, 57.04202699999999, -1.229705999999993, 137.28651000000002, 86.22183899999999, 71.807715]","[-1.0, 1.0, 2.0, 2.0, 1.0, 5.0, 3.0, 2.0, 1.0, 7.0, 1.0, 1.0, 0.0, 1.0, 0.0, 1.0]","[-14.0, 32.0, 15.0, 12.0, 0.0, 26.0, 10.0, 12.0, 0.0, 23.0, 12.0, 11.0, 0.0, -8.0, 0.0, 13.0]"
1791466685.8063588,"[-58.622529, 55.10842500000001, 57.481482, 57.92093700000001, -0.08712299999999118, 54.66897, 58.799847, 58.272501000000005, 58.88773800000001, 55.45998900000001, 57.56937300000001, 58.09671900000001, -1.229705999999993, 137.198619, 86.22183899999999, 71.807715]","[-2.0, 1.0, 1.0, 1.0, 1.0, 6.0, 2.0, 3.0, 1.0, 1.0, 3.0, 4.0, 0.0, 0.0, 0.0, 1.0]","[-13.0, 29.0, 17.0, 12.0, 0.0, 28.0, 10.0, 11.0, 4.0, 23.0, 11.0, 11.0, 0.0, -8.0, 0.0, 13.0]"
1791466686.0303216,"[-58.974092999999996, 55.10842500000001, 57.481482, 58.272501000000005, -0.08712299999999118, 56.075226000000015, 60.030321000000015, 59.151410999999996, 59.94243, 55.987335, 58.53617400000002, 59.151410999999996, -1.229705999999993, 137.28651000000002, 86.22183899999999, 71.807715]","[0.0, 1.0, 1.0, 1.0, 1.0, 0.0, 1.0, 1.0, 1.0, 1.0, 3.0, 1.0, 0.0, 0.0, 0.0, 1.0]","[-14.0, 38.0, 21.0, 14.0, 0.0, 26.0, 0.0, 11.0, 0.0, 26.0, 12.0, 10.0, 0.0, -8.0, 0.0, 13.0]"
1791466686.2543259,"[-59.940894, 55.10842500000001, 57.833045999999996, 58.272501000000005, -0.08712299999999118, 56.954136000000005, 60.82133999999999, 60.20610300000001, 60.909231000000005, 56.075226000000015, 59.766648, 59.151410999999996, -1.229705999999993, 137.28651000000002, 86.22183899999999, 71.807715]","[0.0, 0.0, 1.0, 1.0, 1.0, 1.0, 1.0, 2.0, 1.0, 0.0, 5.0, 1.0, 0.0, 1.0, 0.0, 1.0]","[-15.0, 46.0, 25.0, 15.0, 0.0, 25.0, 9.0, 11.0, 7.0, 33.0, 11.0, 11.0, 0.0, -8.0, 0.0, 13.0]"
1791466686.4782982,"[-60.995586, 55.45998900000001, 57.833045999999996, 58.272501000000005, -0.17501400000000444, 57.21780900000002, 61.17290400000002, 60.55766700000001, 61.788140999999996, 57.833045999999996, 60.99712199999999, 59.151410999999996, -1.229705999999993, 137.28651000000002, 86.22183899999999, 71.807715]","[-3.0, 1.0, 1.0, 1.0, 0.0, 1.0, 1.0, 1.0, 2.0, 3.0, 4.0, 1.0, 0.0, 0.0, 0.0, 1.0]","[-13.0, 53.0, 32.0, 15.0, 11.0, 30.0, 11.0, 12.0, 14.0, 27.0, 10.0, 11.0, 0.0, -8.0, 0.0, 13.0]"
1791466686.6996412,"[-61.083477, 54.93264300000001, 57.74515500000001, 58.272501000000005, -0.17501400000000444, 57.92093700000001, 61.436577, 61.085013000000004, 62.57916, 59.766648, 61.87603200000001, 59.151410999999996, -1.229705999999993, 137.28651000000002, 86.22183899999999, 71.807715]","[0.0, 0.0, 0.0, 1.0, 1.0, 1.0, 1.0, 0.0, 0.0, 4.0, 1.0, 1.0, 0.0, 1.0, 0.0, 1.0]","[11.0, 15.0, 12.0, 0.0, 11.0, 31.0, 13.0, 14.0, 14.0, 20.0, 11.0, 11.0, 0.0, -8.0, 0.0, 13.0]"
1791466686.9260917,"[-61.083477, 54.93264300000001, 57.74515500000001, 58.272501000000005, -0.17501400000000444, 58.008827999999994, 61.612359, 61.52446800000001, 63.897525, 60.73344900000001, 63.106505999999996, 59.151410999999996, -1.229705999999993, 137.28651000000002, 86.22183899999999, 71.807715]","[0.0, 0.0, 1.0, 1.0, 1.0, 1.0, 1.0, 1.0, 2.0, 1.0, 3.0, 1.0, 0.0, 1.0, 0.0, 1.0]","[11.0, 15.0, 13.0, 0.0, 11.0, 41.0, 17.0, 16.0, 13.0, 20.0, 10.0, 11.0, 0.0, -8.0, 0.0, 12.0]"
1791466687.1484973,"[-61.083477, 54.93264300000001, 57.74515500000001, 58.272501000000005, -0.2629049999999893, 58.448283, 61.87603200000001, 62.227596000000005, 64.864326, 61.70025000000001, 63.897525, 59.151410999999996, -1.229705999999993, 137.28651000000002, 86.22183899999999, 71.807715]","[0.0, 0.0, 0.0, 1.0, 0.0, 1.0, 1.0, 1.0, 2.0, 1.0, 1.0, 1.0, 1.0, 1.0, 0.0, 0.0]","[11.0, 15.0, 14.0, 0.0, 11.0, 47.0, 20.0, 18.0, 13.0, 20.0, 11.0, 11.0, 0.0, -8.0, 0.0, 13.0]"
1791466687.3733401,"[-61.083477, 54.93264300000001, 57.74515500000001, 58.272501000000005, -0.2629049999999893, 59.327192999999994, 61.87603200000001, 62.227596000000005, 65.919018, 62.227596000000005, 64.16119800000001, 59.151410999999996, -1.229705999999993, 137.28651000000002, 86.22183899999999, 71.89560600000002]","[0.0, 0.0, 0.0, 1.0, 0.0, 4.0, 1.0, 1.0, 2.0, 1.0, 1.0, 1.0, 1.0, 0.0, 0.0, 1.0]","[12.0, 15.0, 9.0, 0.0, 11.0, 41.0, 27.0, 17.0, 0.0, 25.0, 14.0, 11.0, 1.0, -8.0, 0.0, 8.0]"
1791466687.5954442,"[-61.083477, 54.93264300000001, 57.74515500000001, 58.272501000000005, -0.2629049999999893, 62.13970499999999, 63.19439700000001, 62.227596000000005, 66.97371000000001, 62.403378000000004, 64.249089, 59.151410999999996, -1.229705999999993, 137.28651000000002, 86.22183899999999, 71.89560600000002]","[0.0, 0.0, 2.0, 1.0, 0.0, 1.0, 1.0, 1.0, 1.0, 0.0, 1.0, 1.0, 0.0, 0.0, 0.0, 1.0]","[11.0, 15.0, 5.0, 0.0, 11.0, 32.0, 25.0, 17.0, 0.0, 30.0, 16.0, 11.0, 2.0, -8.0, 0.0, 0.0]"
1791466687.8224359,"[-61.083477, 54.93264300000001, 57.833045999999996, 58.272501000000005, -0.2629049999999893, 62.13970499999999, 63.19439700000001, 62.227596000000005, 67.85262, 63.01861500000001, 64.600653, 59.151410999999996, -1.229705999999993, 137.28651000000002, 86.22183899999999, 71.89560600000002]","[0.0, 0.0, 2.0, 1.0, 0.0, 1.0, 1.0, 1.0, 1.0, 1.0, 1.0, 1.0, 0.0, 1.0, 0.0, 1.0]","[11.0, 15.0, 3.0, 0.0, 11.0, 37.0, 32.0, 18.0, 14.0, 33.0, 20.0, 11.0, 1.0, -8.0, 0.0, 0.0]"
1791466688.0456429,"[-61.083477, 54.93264300000001, 57.74515500000001, 58.272501000000005, -0.2629049999999893, 61.87603200000001, 63.01861500000001, 62.227596000000005, 68.90731199999999, 63.45806999999999, 64.77643499999999, 59.151410999999996, -1.229705999999993, 137.28651000000002, 86.22183899999999, 71.89560600000002]","[0.0, 0.0, 1.0, 1.0, 0.0, 0.0, 0.0, 0.0, 1.0, -1.0, 1.0, 1.0, 1.0, 1.0, 0.0, 1.0]","[12.0, 15.0, 6.0, 0.0, 11.0, 10.0, 10.0, 0.0, 13.0, 38.0, 24.0, 11.0, 1.0, -8.0, 0.0, 0.0]"
1791466688.2703803,"[-61.083477, 54.93264300000001, 57.833045999999996, 58.272501000000005, -0.2629049999999893, 61.87603200000001, 63.01861500000001, 62.227596000000005, 69.874113, 63.545961000000005, 65.040108, 59.06352000000001, -1.229705999999993, 137.28651000000002, 86.22183899999999, 71.89560600000002]","[0.0, 0.0, 1.0, 1.0, 0.0, 0.0, 1.0, 0.0, 3.0, 1.0, 1.0, 1.0, 0.0, 1.0, 0.0, 1.0]","[11.0, 14.0, 1.0, 0.0, 11.0, 10.0, 10.0, 0.0, 13.0, 46.0, 32.0, 11.0, 0.0, -8.0, 0.0, 0.0]"
1791466688.4921181,"[-61.083477, 54.93264300000001, 57.833045999999996, 58.272501000000005, -0.2629049999999893, 61.87603200000001, 63.106505999999996, 62.227596000000005, 69.874113, 63.19439700000001, 65.040108, 59.06352000000001, -1.229705999999993, 137.28651000000002, 86.22183899999999, 71.89560600000002]","[0.0, 0.0, 0.0, 1.0, 0.0, 0.0, 1.0, 0.0, 1.0, 0.0, 1.0, 0.0, 2.0, 0.0, 0.0, 1.0]","[12.0, 13.0, 4.0, 0.0, 11.0, 11.0, 10.0, 0.0, 0.0, 9.0, 9.0, 0.0, 0.0, -8.0, 0.0, 0.0]"
