class,size_name,size_m,scale_percent,joint_0,joint_1,joint_2,joint_3,joint_4,joint_5,joint_6,joint_7,joint_8,joint_9,joint_10,joint_11,joint_12,joint_13,joint_14,joint_15,finger_0_stop,finger_1_stop,finger_2_stop,finger_3_stop
cube,side_length,0.075,150,-75.0,75.91796875,75.91796875,60.0,0.0,49.21875,49.21875,49.21875,55.25,55.25,55.25,55.25,0.0,107.94921875,72.05078125,72.05078125,contact,contact,contact,contact
cube,side_length,0.0725,145,-75.0,77.140625,77.140625,60.0,0.0,50.14453125,50.14453125,50.14453125,56.1875,56.1875,56.1875,56.1875,0.0,107.21484375,72.78515625,72.78515625,contact,contact,contact,contact
cube,side_length,0.07,140,-75.0,78.375,78.375,60.0,0.0,51.109375,51.109375,51.109375,57.11328125,57.11328125,57.11328125,57.11328125,0.0,106.4609375,73.5390625,73.5390625,contact,contact,contact,contact
cube,side_length,0.0675,135,-75.0,79.62890625,79.62890625,60.0,0.0,52.1171875,52.1171875,52.1171875,58.0234375,58.0234375,58.0234375,58.0234375,0.0,105.69140625,74.30859375,74.30859375,contact,contact,contact,contact
cube,side_length,0.065,130,-75.0,80.8984375,80.8984375,60.0,0.0,53.16015625,53.16015625,53.16015625,58.9296875,58.9296875,58.9296875,58.9296875,0.0,104.8984375,75.1015625,75.1015625,contact,contact,contact,contact
cube,side_length,0.0625,125,-75.0,82.17578125,82.17578125,60.0,0.0,54.24609375,54.24609375,54.24609375,59.828125,59.828125,59.828125,59.828125,0.0,104.078125,75.921875,75.921875,contact,contact,contact,contact
cube,side_length,0.06,120,-75.0,83.4765625,83.4765625,60.0,0.0,55.3671875,55.3671875,55.3671875,61.15234375,61.15234375,61.15234375,60.0,0.0,103.23828125,76.76171875,76.76171875,contact,contact,contact,contact
cube,side_length,0.0575,115,-75.0,84.796875,84.796875,60.0,0.0,56.5234375,56.5234375,56.5234375,62.53515625,62.53515625,62.53515625,60.0,0.0,102.3671875,77.6328125,77.6328125,contact,contact,contact,contact
cube,side_length,0.055,110,-75.0,86.140625,86.140625,60.0,0.0,57.70703125,57.70703125,57.70703125,63.8828125,63.8828125,63.8828125,60.0,0.0,101.4609375,78.5390625,78.5390625,contact,contact,contact,contact
cube,side_length,0.0525,105,-75.0,87.5078125,87.5078125,60.0,0.0,58.91015625,58.91015625,58.91015625,65.203125,65.203125,65.203125,60.0,0.0,100.515625,79.484375,79.484375,contact,contact,contact,contact
cube,side_length,0.05,100,-75.0,88.8984375,88.8984375,60.0,0.0,60.1015625,60.1015625,60.1015625,66.50390625,66.50390625,66.50390625,60.0,0.0,100.0,80.86328125,80.0,contact,contact,contact,contact
cube,side_length,0.0475,95,-75.0,90.0,90.0,60.0,0.0,61.03515625,61.03515625,61.03515625,67.796875,67.796875,67.796875,60.0,0.0,100.0,82.72265625,80.0,angle_limit,contact,contact,contact
cube,side_length,0.045,90,-75.0,90.0,90.0,60.0,0.0,61.9609375,61.9609375,61.9609375,69.0703125,69.0703125,69.0703125,60.0,0.0,100.0,84.8046875,80.0,angle_limit,contact,contact,contact
cube,side_length,0.0425,85,-75.0,90.0,90.0,60.0,0.0,62.8828125,62.8828125,62.8828125,70.296875,70.296875,70.296875,60.0,0.0,100.0,87.21875,80.0,angle_limit,contact,contact,contact
cube,side_length,0.04,80,-75.0,90.0,90.0,60.0,0.0,63.8046875,63.8046875,63.8046875,71.6328125,71.6328125,71.6328125,60.0,0.0,100.0,90.05078125,80.0,angle_limit,contact,contact,contact
cube,side_length,0.0375,75,-75.0,90.0,90.0,60.0,0.0,64.72265625,64.72265625,64.72265625,72.94140625,72.94140625,72.94140625,60.0,0.0,100.0,93.4765625,80.0,angle_limit,contact,contact,contact
cube,side_length,0.035,70,-75.0,90.0,90.0,60.0,0.0,65.89453125,65.89453125,65.0,74.3203125,74.3203125,74.3203125,60.0,0.0,100.0,97.69921875,80.0,angle_limit,contact,contact,contact
cube,side_length,0.0325,65,-75.0,90.0,90.0,60.0,0.0,67.16015625,67.16015625,65.0,75.0,75.6953125,75.6953125,60.0,0.0,100.0,102.3828125,80.0,angle_limit,contact,contact,contact
cube,side_length,0.03,60,-75.0,90.0,90.0,60.0,0.0,68.40625,68.40625,65.0,75.0,77.08203125,77.08203125,60.0,0.0,100.0,107.37890625,80.0,angle_limit,contact,contact,contact
cube,side_length,0.0275,55,-75.0,90.0,90.0,60.0,0.0,69.640625,69.640625,65.0,75.0,78.484375,78.484375,60.0,0.0,100.0,110.0,80.0,angle_limit,contact,contact,angle_limit
cube,side_length,0.025,50,-75.0,90.0,90.0,60.0,0.0,70.875,70.875,65.0,75.0,79.90625,79.90625,60.0,0.0,100.0,110.0,80.0,angle_limit,contact,contact,angle_limit
sphere,radius,0.0375,150,-75.0,76.03125,76.03125,60.0,0.0,53.93359375,53.93359375,53.93359375,60.48828125,60.48828125,60.48828125,60.0,0.0,100.54296875,79.45703125,79.45703125,contact,contact,contact,contact
sphere,radius,0.03625,145,-75.0,77.22265625,77.22265625,60.0,0.0,54.625,54.625,54.625,61.4609375,61.4609375,61.4609375,60.0,0.0,100.0,80.34765625,80.0,contact,contact,contact,contact
sphere,radius,0.035,140,-75.0,78.4375,78.4375,60.0,0.0,55.328125,55.328125,55.328125,62.4453125,62.4453125,62.4453125,60.0,0.0,100.0,81.86328125,80.0,contact,contact,contact,contact
sphere,radius,0.03375,135,-75.0,79.67578125,79.67578125,60.0,0.0,56.04296875,56.04296875,56.04296875,63.44921875,63.44921875,63.44921875,60.0,0.0,100.0,83.40625,80.0,contact,contact,contact,contact
sphere,radius,0.0325,130,-75.0,80.96875,80.96875,60.0,0.0,56.76953125,56.76953125,56.76953125,64.44921875,64.44921875,64.44921875,60.0,0.0,100.0,84.98046875,80.0,contact,contact,contact,contact
sphere,radius,0.03125,125,-75.0,82.28515625,82.28515625,60.0,0.0,57.51171875,57.51171875,57.51171875,65.48046875,65.48046875,65.48046875,60.0,0.0,100.0,86.6015625,80.0,contact,contact,contact,contact
sphere,radius,0.03,120,-75.0,83.6328125,83.6328125,60.0,0.0,58.26953125,58.26953125,58.26953125,66.5078125,66.5078125,66.5078125,60.0,0.0,100.0,88.265625,80.0,contact,contact,contact,contact
sphere,radius,0.02875,115,-75.0,85.0,85.0,60.0,0.0,59.03125,59.03125,59.03125,67.55078125,67.55078125,67.55078125,60.0,0.0,100.0,89.98046875,80.0,contact,contact,contact,contact
sphere,radius,0.0275,110,-75.0,86.4140625,86.4140625,60.0,0.0,59.81640625,59.81640625,59.81640625,68.6015625,68.6015625,68.6015625,60.0,0.0,100.0,91.73828125,80.0,contact,contact,contact,contact
sphere,radius,0.02625,105,-75.0,87.88671875,87.88671875,60.0,0.0,60.61328125,60.61328125,60.61328125,69.6640625,69.6640625,69.6640625,60.0,0.0,100.0,93.53515625,80.0,contact,contact,contact,contact
sphere,radius,0.025,100,-75.0,89.39453125,89.39453125,60.0,0.0,61.41796875,61.41796875,61.41796875,70.75390625,70.75390625,70.75390625,60.0,0.0,100.0,95.41015625,80.0,contact,contact,contact,contact
sphere,radius,0.02375,95,-75.0,90.0,90.0,60.0,0.0,62.23828125,62.23828125,62.23828125,71.84765625,71.84765625,71.84765625,60.0,0.0,100.0,97.38671875,80.0,angle_limit,contact,contact,contact
sphere,radius,0.0225,90,-75.0,90.0,90.0,60.0,0.0,63.078125,63.078125,63.078125,72.9453125,72.9453125,72.9453125,60.0,0.0,100.0,99.46875,80.0,angle_limit,contact,contact,contact
sphere,radius,0.02125,85,-75.0,90.0,90.0,60.0,0.0,63.93359375,63.93359375,63.93359375,74.0625,74.0625,74.0625,60.0,0.0,100.0,101.734375,80.0,angle_limit,contact,contact,contact
sphere,radius,0.02,80,-75.0,90.0,90.0,60.0,0.0,64.8125,64.8125,64.8125,75.0,75.2109375,75.2109375,60.0,0.0,100.0,104.25390625,80.0,angle_limit,contact,contact,contact
sphere,radius,0.01875,75,-75.0,90.0,90.0,60.0,0.0,65.87890625,65.87890625,65.0,75.0,76.39453125,76.39453125,60.0,0.0,100.0,107.29296875,80.0,angle_limit,contact,contact,contact
sphere,radius,0.0175,70,-75.0,90.0,90.0,60.0,0.0,67.0078125,67.0078125,65.0,75.0,77.58984375,77.58984375,60.0,0.0,100.0,110.0,80.0,angle_limit,contact,contact,angle_limit
sphere,radius,0.01625,65,-75.0,90.0,90.0,60.0,0.0,68.15625,68.15625,65.0,75.0,78.80078125,78.80078125,60.0,0.0,100.0,110.0,80.0,angle_limit,contact,contact,angle_limit
sphere,radius,0.015,60,-75.0,90.0,90.0,60.0,0.0,69.32421875,69.32421875,65.0,75.0,80.0234375,80.0234375,60.0,0.0,100.0,110.0,80.0,angle_limit,contact,contact,angle_limit
sphere,radius,0.01375,55,-75.0,90.0,90.0,60.0,0.0,70.5078125,70.5078125,65.0,75.0,81.265625,81.265625,60.0,0.0,100.0,110.0,80.0,angle_limit,contact,contact,angle_limit
sphere,radius,0.0125,50,-75.0,90.0,90.0,60.0,0.0,71.71875,71.71875,65.0,75.0,82.5234375,82.5234375,60.0,0.0,100.0,110.0,80.0,angle_limit,contact,contact,angle_limit
cylinder,radius,0.0375,150,-75.0,75.99609375,75.99609375,60.0,0.0,49.25,49.25,49.25,58.5703125,58.5703125,58.5703125,58.5703125,0.0,100.98046875,79.01953125,79.01953125,contact,contact,contact,contact
cylinder,radius,0.03625,145,-75.0,77.1875,77.1875,60.0,0.0,50.17578125,50.17578125,50.17578125,59.2578125,59.2578125,59.2578125,59.2578125,0.0,100.296875,79.703125,79.703125,contact,contact,contact,contact
cylinder,radius,0.035,140,-75.0,78.40234375,78.40234375,60.0,0.0,51.14453125,51.14453125,51.14453125,59.95703125,59.95703125,59.95703125,59.95703125,0.0,100.0,80.84765625,80.0,contact,contact,contact,contact
cylinder,radius,0.03375,135,-75.0,79.64453125,79.64453125,60.0,0.0,52.1484375,52.1484375,52.1484375,60.83984375,60.83984375,60.83984375,60.0,0.0,100.0,82.37109375,80.0,contact,contact,contact,contact
cylinder,radius,0.0325,130,-75.0,80.91015625,80.91015625,60.0,0.0,53.19140625,53.19140625,53.19140625,61.76171875,61.76171875,61.76171875,60.0,0.0,100.0,83.92578125,80.0,contact,contact,contact,contact
cylinder,radius,0.03125,125,-75.0,82.1875,82.1875,60.0,0.0,54.2734375,54.2734375,54.2734375,62.6953125,62.6953125,62.6953125,60.0,0.0,100.0,85.5546875,80.0,contact,contact,contact,contact
cylinder,radius,0.03,120,-75.0,83.484375,83.484375,60.0,0.0,55.39453125,55.39453125,55.39453125,63.6484375,63.6484375,63.6484375,60.0,0.0,100.0,87.234375,80.0,contact,contact,contact,contact
cylinder,radius,0.02875,115,-75.0,84.8046875,84.8046875,60.0,0.0,56.54296875,56.54296875,56.54296875,64.625,64.625,64.625,60.0,0.0,100.0,89.0,80.0,contact,contact,contact,contact
cylinder,radius,0.0275,110,-75.0,86.1484375,86.1484375,60.0,0.0,57.71875,57.71875,57.71875,65.61328125,65.61328125,65.61328125,60.0,0.0,100.0,90.82421875,80.0,contact,contact,contact,contact
cylinder,radius,0.02625,105,-75.0,87.51953125,87.51953125,60.0,0.0,58.91796875,58.91796875,58.91796875,66.62890625,66.62890625,66.62890625,60.0,0.0,100.0,92.72265625,80.0,contact,contact,contact,contact
cylinder,radius,0.025,100,-75.0,88.90625,88.90625,60.0,0.0,60.1015625,60.1015625,60.1015625,67.65234375,67.65234375,67.65234375,60.0,0.0,100.0,94.734375,80.0,contact,contact,contact,contact
cylinder,radius,0.02375,95,-75.0,90.0,90.0,60.0,0.0,61.03515625,61.03515625,61.03515625,68.703125,68.703125,68.703125,60.0,0.0,100.0,96.890625,80.0,angle_limit,contact,contact,contact
cylinder,radius,0.0225,90,-75.0,90.0,90.0,60.0,0.0,61.9609375,61.9609375,61.9609375,69.765625,69.765625,69.765625,60.0,0.0,100.0,99.171875,80.0,angle_limit,contact,contact,contact
cylinder,radius,0.02125,85,-75.0,90.0,90.0,60.0,0.0,62.8828125,62.8828125,62.8828125,70.8515625,70.8515625,70.8515625,60.0,0.0,100.0,101.61328125,80.0,angle_limit,contact,contact,contact
cylinder,radius,0.02,80,-75.0,90.0,90.0,60.0,0.0,63.8046875,63.8046875,63.8046875,71.94140625,71.94140625,71.94140625,60.0,0.0,100.0,104.23046875,80.0,angle_limit,contact,contact,contact
cylinder,radius,0.01875,75,-75.0,90.0,90.0,60.0,0.0,64.72265625,64.72265625,64.72265625,73.09375,73.09375,73.09375,60.0,0.0,100.0,107.0390625,80.0,angle_limit,contact,contact,contact
cylinder,radius,0.0175,70,-75.0,90.0,90.0,60.0,0.0,65.89453125,65.89453125,65.0,74.390625,74.390625,74.390625,60.0,0.0,100.0,110.0,80.0,angle_limit,contact,contact,angle_limit
cylinder,radius,0.01625,65,-75.0,90.0,90.0,60.0,0.0,67.16015625,67.16015625,65.0,75.0,75.71484375,75.71484375,60.0,0.0,100.0,110.0,80.0,angle_limit,contact,contact,angle_limit
cylinder,radius,0.015,60,-75.0,90.0,90.0,60.0,0.0,68.40625,68.40625,65.0,75.0,77.0859375,77.0859375,60.0,0.0,100.0,110.0,80.0,angle_limit,contact,contact,angle_limit
cylinder,radius,0.01375,55,-75.0,90.0,90.0,60.0,0.0,69.640625,69.640625,65.0,75.0,78.48828125,78.48828125,60.0,0.0,100.0,110.0,80.0,angle_limit,contact,contact,angle_limit
cylinder,radius,0.0125,50,-75.0,90.0,90.0,60.0,0.0,70.875,70.875,65.0,75.0,79.9140625,79.9140625,60.0,0.0,100.0,110.0,80.0,angle_limit,contact,contact,angle_limit
