time,positions,velocities,currents
1791461547.6965325,"[-0.08712299999999118, 0.7038960000000145, -0.8781419999999969, 0.08865900000000693, -0.08712299999999118, -1.229705999999993, 0.08865900000000693, -0.2629049999999893, 0.08865900000000693, -0.790251000000012, -0.8781419999999969, 0.528113999999988, 0.08865900000000693, 176.92535099999998, 40.78219200000001, 26.10439500000001]","[0.0, 0.0, 0.0, 0.0, 1.0, 0.0, 0.0, 0.0, 0.0, 0.0, 1.0, 0.0, 0.0, 0.0, 1.0, 0.0]","[0.0, -15.0, 15.0, -10.0, 0.0, 12.0, -11.0, 10.0, -14.0, 11.0, 11.0, -10.0, -11.0, 19.0, -12.0, -16.0]"
1791461547.9194512,"[-0.7023599999999988, 0.9675689999999975, -0.790251000000012, 0.26444100000000503, -0.17501400000000444, -1.229705999999993, 0.6160050000000012, 0.0007679999999936626, 0.7038960000000145, -0.5265780000000007, -0.7023599999999988, 0.6160050000000012, 0.08865900000000693, 176.92535099999998, 40.95797400000001, 26.10439500000001]","[-1.0, 1.0, 1.0, 1.0, 0.0, 0.0, 2.0, 1.0, 1.0, 2.0, 1.0, 1.0, 0.0, 0.0, 0.0, 0.0]","[-12.0, 0.0, 18.0, 11.0, 10.0, 16.0, 10.0, 11.0, 13.0, 13.0, 13.0, 11.0, -10.0, 15.0, 0.0, -8.0]"
1791461548.1441536,"[-1.4933790000000045, 1.3191329999999937, -0.08712299999999118, 0.7038960000000145, -0.08712299999999118, -1.229705999999993, 1.2312420000000088, 0.44022300000000314, 1.6706969999999899, -0.17501400000000444, -0.6144689999999855, 0.7917869999999994, 0.08865900000000693, 176.92535099999998, 40.95797400000001, 26.631741000000005]","[0.0, 1.0, 3.0, 1.0, 1.0, 0.0, 2.0, 3.0, 2.0, 1.0, 0.0, 1.0, 0.0, 1.0, 0.0, 1.0]","[-12.0, 14.0, 19.0, 13.0, 3.0, 21.0, 11.0, 13.0, 14.0, 15.0, 17.0, 12.0, -12.0, 11.0, 12.0, 14.0]"
1791461548.3677425,"[-2.6359620000000064, 2.1101519999999994, 0.7917869999999994, 1.582806000000005, -0.08712299999999118, -1.053923999999995, 1.846478999999988, 1.7585880000000031, 2.725389000000007, 0.3523319999999899, 0.6160050000000012, 1.1433509999999956, 0.08865900000000693, 176.83746000000002, 41.661102, 27.159087]","[-1.0, 1.0, 1.0, 1.0, 0.0, 1.0, 1.0, 3.0, 3.0, 1.0, 1.0, 2.0, 0.0, 0.0, 1.0, 1.0]","[-12.0, 16.0, 20.0, 13.0, 1.0, 26.0, 13.0, 12.0, 14.0, 17.0, 16.0, 13.0, -11.0, 8.0, 13.0, 15.0]"
1791461548.5921676,"[-3.514871999999997, 2.549607000000009, 1.6706969999999899, 2.725389000000007, -0.08712299999999118, -0.35079600000000255, 2.6374979999999937, 2.6374979999999937, 3.7800809999999956, 1.2312420000000088, 1.7585880000000031, 2.0222610000000145, 0.08865900000000693, 176.661678, 42.10055700000001, 28.125888000000003]","[0.0, 1.0, 1.0, 2.0, 1.0, 2.0, 1.0, 1.0, 2.0, 1.0, 4.0, 2.0, 0.0, 0.0, 1.0, 1.0]","[-12.0, 16.0, 20.0, 13.0, 0.0, 28.0, 13.0, 12.0, 15.0, 18.0, 15.0, 15.0, -10.0, -9.0, 14.0, 15.0]"
1791461548.8161411,"[-4.5695639999999855, 3.164843999999988, 2.725389000000007, 3.6042989999999975, -0.08712299999999118, 0.17654999999999177, 3.5164080000000126, 3.6042989999999975, 3.7800809999999956, 1.4949149999999918, 2.2859339999999975, 3.164843999999988, 0.08865900000000693, 176.57378699999998, 42.10055700000001, 29.268471000000005]","[-1.0, 2.0, 1.0, 1.0, 1.0, 1.0, 1.0, 1.0, 1.0, 1.0, 1.0, 3.0, 0.0, 0.0, 1.0, 2.0]","[-12.0, 16.0, 21.0, 13.0, 6.0, 31.0, 12.0, 13.0, 16.0, 23.0, 17.0, 13.0, -10.0, -11.0, 19.0, 14.0]"
1791461549.0375977,"[-5.360582999999991, 4.043754000000007, 3.7800809999999956, 4.834773000000013, -0.17501400000000444, 1.407024000000007, 4.483208999999988, 4.571100000000001, 5.713683000000003, 3.164843999999988, 3.5164080000000126, 4.131644999999992, 0.0007679999999936626, 176.398005, 44.297832, 30.05949000000001]","[0.0, 3.0, 3.0, 3.0, 0.0, 5.0, 1.0, 1.0, 3.0, 4.0, 1.0, 1.0, 0.0, 0.0, 5.0, 1.0]","[-13.0, 17.0, 20.0, 12.0, 8.0, 31.0, 14.0, 12.0, 14.0, 19.0, 15.0, 15.0, -9.0, -15.0, 14.0, 15.0]"
1791461549.2641542,"[-6.23949300000001, 4.746881999999999, 3.7800809999999956, 5.713683000000003, -0.17501400000000444, 2.1980430000000126, 5.362119000000007, 5.537901000000005, 6.416810999999996, 4.131644999999992, 4.6589910000000145, 5.186337000000009, 0.0007679999999936626, 176.310114, 45.440415, 31.202073000000013]","[-1.0, 1.0, 1.0, 5.0, 0.0, 1.0, 1.0, 2.0, 3.0, 1.0, 1.0, 3.0, 0.0, 0.0, 1.0, 2.0]","[-13.0, 19.0, 26.0, 12.0, 10.0, 32.0, 14.0, 13.0, 14.0, 19.0, 15.0, 14.0, -9.0, -18.0, 13.0, 14.0]"
1791461549.4849396,"[-7.382076000000012, 5.9773560000000145, 5.889465000000001, 6.856266000000005, -0.17501400000000444, 3.5164080000000126, 6.416810999999996, 6.94415699999999, 7.5593939999999975, 5.450009999999992, 5.62579199999999, 6.416810999999996, -0.08712299999999118, 175.34331300000002, 46.67088899999999, 32.16887399999999]","[-2.0, 5.0, 3.0, 3.0, 1.0, 4.0, 3.0, 3.0, 3.0, 4.0, 1.0, 4.0, 0.0, -3.0, 3.0, 1.0]","[-13.0, 17.0, 20.0, 12.0, 4.0, 30.0, 13.0, 12.0, 14.0, 18.0, 16.0, 14.0, 0.0, -19.0, 14.0, 14.0]"
1791461549.7120154,"[-8.348876999999987, 7.032048000000003, 6.416810999999996, 7.823067000000009, -0.08712299999999118, 4.571100000000001, 7.383611999999999, 7.823067000000009, 8.614086000000015, 6.416810999999996, 6.680484000000007, 7.2957210000000146, -0.17501400000000444, 174.20073000000002, 47.461907999999994, 33.31145699999999]","[0.0, 6.0, 7.0, 1.0, 1.0, 5.0, 3.0, 1.0, 1.0, 3.0, 4.0, 1.0, 0.0, -1.0, 1.0, 2.0]","[-12.0, 18.0, 20.0, 13.0, 0.0, 28.0, 13.0, 12.0, 14.0, 16.0, 15.0, 13.0, 9.0, -18.0, 14.0, 15.0]"
1791461549.9358566,"[-9.49145999999999, 8.438303999999988, 7.910957999999994, 8.877758999999998, -0.17501400000000444, 5.713683000000003, 8.26252199999999, 8.877758999999998, 9.405104999999992, 7.383611999999999, 7.471503000000013, 8.26252199999999, -0.2629049999999893, 173.32182, 48.252927, 34.36614900000001]","[-1.0, 2.0, 1.0, 2.0, 1.0, 3.0, 3.0, 3.0, 3.0, 4.0, 2.0, 1.0, 0.0, -1.0, 5.0, 3.0]","[-12.0, 16.0, 19.0, 13.0, 7.0, 25.0, 14.0, 12.0, 14.0, 18.0, 15.0, 14.0, 10.0, -19.0, 13.0, 14.0]"
1791461550.1571639,"[-10.282478999999995, 9.58088699999999, 8.877758999999998, 9.844560000000001, -0.17501400000000444, 6.94415699999999, 9.317214000000007, 9.668778000000003, 10.635579000000007, 8.614086000000015, 8.438303999999988, 9.405104999999992, -0.35079600000000255, 173.05814700000002, 49.483401000000015, 35.33295000000001]","[0.0, 2.0, 3.0, 1.0, 0.0, 1.0, 1.0, 2.0, 3.0, 2.0, 1.0, 2.0, 0.0, -2.0, 3.0, 2.0]","[-13.0, 17.0, 20.0, 13.0, 5.0, 25.0, 14.0, 13.0, 14.0, 17.0, 16.0, 13.0, 9.0, -25.0, 14.0, 15.0]"
1791461550.3819876,"[-11.073498, 10.371905999999996, 9.932451000000015, 10.723469999999992, -0.08712299999999118, 7.647285000000011, 10.28401500000001, 10.811361000000005, 11.426598000000013, 9.141432000000009, 9.492996000000005, 10.196123999999998, -0.4386869999999874, 172.44290999999998, 49.747074, 36.21186]","[-2.0, 4.0, 2.0, 1.0, 1.0, 1.0, 1.0, 1.0, 4.0, 1.0, 4.0, 1.0, 0.0, 0.0, 3.0, 2.0]","[-13.0, 16.0, 19.0, 13.0, 1.0, 30.0, 15.0, 12.0, 14.0, 19.0, 15.0, 13.0, 10.0, -28.0, 17.0, 14.0]"
1791461550.6079752,"[-12.216081000000003, 11.426598000000013, 10.89925199999999, 11.778162000000009, -0.08712299999999118, 8.701977, 11.338707, 11.60238000000001, 12.481290000000001, 10.020342, 10.459797000000009, 11.162925000000001, -0.5265780000000007, 171.21243600000003, 51.50489400000001, 37.354443]","[0.0, 1.0, 2.0, 2.0, 1.0, 1.0, 3.0, 1.0, 2.0, 1.0, 1.0, 1.0, 0.0, -1.0, 4.0, 3.0]","[-14.0, 17.0, 19.0, 13.0, 0.0, 28.0, 13.0, 13.0, 14.0, 20.0, 16.0, 14.0, 10.0, -25.0, 13.0, 13.0]"
1791461550.8300984,"[-13.270772999999991, 12.832853999999998, 11.866052999999994, 12.744963000000013, -0.08712299999999118, 9.58088699999999, 12.21761699999999, 12.832853999999998, 13.360199999999992, 10.28401500000001, 10.987143000000003, 12.21761699999999, -0.5265780000000007, 170.245635, 52.47169500000001, 38.233352999999994]","[-2.0, 1.0, 2.0, 1.0, 1.0, 1.0, 1.0, 3.0, 1.0, 1.0, 1.0, 1.0, 0.0, 0.0, 3.0, 1.0]","[-13.0, 16.0, 19.0, 12.0, 3.0, 29.0, 15.0, 12.0, 14.0, 24.0, 18.0, 14.0, 10.0, -22.0, 13.0, 14.0]"
1791461551.0549362,"[-14.237573999999995, 13.53598199999999, 12.832853999999998, 13.623873000000003, -0.08712299999999118, 10.547687999999994, 13.272309000000007, 13.711763999999988, 14.414892000000009, 11.690270999999996, 12.305508000000003, 13.184417999999994, -0.6144689999999855, 169.80617999999998, 53.61427800000001, 39.46382700000001]","[0.0, 3.0, 2.0, 1.0, 0.0, 1.0, 1.0, 1.0, 1.0, 3.0, 2.0, 1.0, 0.0, 0.0, 3.0, 1.0]","[-13.0, 16.0, 19.0, 13.0, 3.0, 29.0, 14.0, 13.0, 13.0, 21.0, 16.0, 14.0, 12.0, -29.0, 12.0, 14.0]"
1791461551.278614,"[-15.204374999999999, 15.118020000000001, 13.887546000000015, 14.766456000000005, -0.17501400000000444, 11.953944000000007, 14.327000999999996, 14.85434699999999, 15.381693000000013, 13.096527000000009, 13.53598199999999, 14.063328000000013, -0.6144689999999855, 169.71828900000003, 54.756861000000015, 40.43062800000001]","[-1.0, 4.0, 2.0, 3.0, 0.0, 4.0, 3.0, 1.0, 1.0, 4.0, 3.0, 2.0, 0.0, 1.0, 1.0, 2.0]","[-13.0, 14.0, 19.0, 13.0, 9.0, 26.0, 15.0, 12.0, 14.0, 19.0, 16.0, 15.0, 11.0, -35.0, 12.0, 14.0]"
1791461551.5017238,"[-16.434848999999986, 16.084821000000005, 14.85434699999999, 15.645365999999996, -0.17501400000000444, 13.008635999999996, 15.293802, 16.084821000000005, 16.436385, 14.23911000000001, 13.53598199999999, 15.118020000000001, -0.6144689999999855, 169.71828900000003, 55.72366199999999, 41.39742899999999]","[-2.0, 3.0, 1.0, 4.0, 0.0, 1.0, 1.0, 1.0, 2.0, 4.0, 1.0, 1.0, 0.0, 0.0, 3.0, 3.0]","[-12.0, 16.0, 20.0, 14.0, 2.0, 26.0, 14.0, 12.0, 15.0, 17.0, 20.0, 14.0, 11.0, -45.0, 13.0, 14.0]"
1791461551.7256854,"[-17.313759000000005, 17.05162200000001, 15.821147999999994, 16.524276000000015, -0.17501400000000444, 14.063328000000013, 16.436385, 16.87584000000001, 17.403186000000005, 15.030128999999988, 15.293802, 15.996929999999992, -0.6144689999999855, 168.57570600000003, 56.86624499999999, 42.36422999999999]","[0.0, 4.0, 1.0, 1.0, 0.0, 4.0, 2.0, 1.0, 1.0, 1.0, 3.0, 1.0, 0.0, 0.0, 3.0, 2.0]","[-13.0, 15.0, 20.0, 13.0, 4.0, 22.0, 13.0, 13.0, 15.0, 20.0, 14.0, 15.0, 11.0, -52.0, 12.0, 15.0]"
1791461551.9515939,"[-18.54423299999999, 18.36998700000001, 16.963730999999996, 17.578968000000003, -0.08712299999999118, 15.469583999999998, 17.578968000000003, 18.018423000000013, 18.282095999999996, 16.524276000000015, 16.524276000000015, 17.227404000000007, -0.6144689999999855, 168.57570600000003, 56.86624499999999, 43.41892200000001]","[-2.0, 5.0, 3.0, 1.0, 1.0, 5.0, 3.0, 1.0, 4.0, 5.0, 1.0, 1.0, 0.0, 0.0, 1.0, 2.0]","[-13.0, 14.0, 18.0, 13.0, 0.0, 24.0, 13.0, 12.0, 15.0, 17.0, 16.0, 13.0, 10.0, -53.0, 15.0, 14.0]"
1791461552.1759553,"[-19.511033999999995, 19.424678999999998, 17.930532, 18.721551000000005, -0.17501400000000444, 16.348493999999988, 18.36998700000001, 18.897333000000003, 19.336788000000013, 17.578968000000003, 17.666858999999988, 18.282095999999996, -0.6144689999999855, 168.57570600000003, 58.799847, 44.297832]","[-1.0, 2.0, 1.0, 1.0, 0.0, 1.0, 1.0, 1.0, 4.0, 3.0, 2.0, 3.0, 0.0, 1.0, 5.0, 1.0]","[-13.0, 14.0, 19.0, 13.0, 9.0, 24.0, 14.0, 12.0, 15.0, 17.0, 14.0, 14.0, 10.0, -64.0, 12.0, 14.0]"
1791461552.3986716,"[-20.477835, 20.567262, 19.161006000000015, 19.51257000000001, -0.08712299999999118, 17.666858999999988, 18.985223999999988, 19.864134000000007, 20.039916000000005, 18.80944199999999, 18.545769000000007, 19.073115, -0.6144689999999855, 164.88428399999998, 59.85453900000002, 45.440415]","[-2.0, 2.0, 4.0, 1.0, 1.0, 2.0, 2.0, 3.0, 1.0, 3.0, 1.0, 1.0, 0.0, -12.0, 2.0, 3.0]","[-12.0, 14.0, 18.0, 14.0, 6.0, 20.0, 15.0, 12.0, 15.0, 16.0, 16.0, 13.0, 11.0, -34.0, 12.0, 13.0]"
1791461552.6232305,"[-21.620418, 21.621953999999988, 20.039916000000005, 20.743043999999998, -0.08712299999999118, 18.80944199999999, 20.12780699999999, 20.918825999999996, 21.358281000000005, 19.952024999999992, 19.776242999999994, 20.39148, -0.6144689999999855, 163.829592, 60.645557999999994, 46.407216000000005]","[-1.0, 1.0, 1.0, 4.0, 0.0, 1.0, 1.0, 3.0, 3.0, 2.0, 3.0, 2.0, 0.0, -1.0, 1.0, 2.0]","[-13.0, 14.0, 18.0, 12.0, 0.0, 21.0, 14.0, 12.0, 14.0, 14.0, 16.0, 13.0, 11.0, -37.0, 13.0, 14.0]"
1791461552.8448482,"[-22.587219000000005, 22.76453699999999, 21.182499000000007, 21.709845, -0.08712299999999118, 19.952024999999992, 20.83093500000001, 21.885627, 22.237190999999996, 21.00671700000001, 20.655153000000013, 21.358281000000005, -0.6144689999999855, 163.478028, 61.70025000000001, 47.37401700000001]","[0.0, 2.0, 1.0, 1.0, 0.0, 2.0, 1.0, 1.0, 1.0, 3.0, 1.0, 2.0, 0.0, 0.0, 3.0, 2.0]","[-13.0, 13.0, 18.0, 12.0, 0.0, 18.0, 17.0, 12.0, 15.0, 15.0, 16.0, 12.0, 11.0, -41.0, 12.0, 14.0]"
1791461553.0717702,"[-23.81769299999999, 23.819229000000007, 22.14930000000001, 22.588754999999992, -0.08712299999999118, 21.182499000000007, 21.534063000000003, 23.116101000000015, 23.203992, 22.14930000000001, 21.534063000000003, 22.32508200000001, -0.6144689999999855, 161.80809900000003, 62.754942, 48.428709]","[-1.0, 3.0, 1.0, 1.0, 1.0, 4.0, 2.0, 2.0, 1.0, 3.0, 1.0, 1.0, 0.0, -6.0, 1.0, 1.0]","[-12.0, 14.0, 19.0, 13.0, 0.0, 18.0, 16.0, 12.0, 15.0, 15.0, 15.0, 13.0, 11.0, -35.0, 12.0, 14.0]"
1791461553.2939842,"[-24.520821000000012, 25.049702999999994, 23.116101000000015, 23.731337999999994, -0.08712299999999118, 22.588754999999992, 22.412972999999994, 23.995011000000005, 24.522357, 23.46766500000001, 22.676646000000005, 23.291883000000013, -0.6144689999999855, 160.31395200000003, 63.80963400000002, 49.30761899999999]","[-1.0, 3.0, 2.0, 4.0, 1.0, 4.0, 1.0, 2.0, 3.0, 4.0, 1.0, 2.0, 0.0, -3.0, 3.0, 1.0]","[-12.0, -13.0, 19.0, 12.0, 0.0, 16.0, 18.0, 12.0, 14.0, 13.0, 15.0, 13.0, 11.0, -33.0, 12.0, 14.0]"
1791461553.518199,"[-25.487621999999988, 25.928613000000013, 24.08290199999999, 24.610248000000013, -0.08712299999999118, 23.64344700000001, 23.203992, 24.96181200000001, 25.313376000000005, 24.610248000000013, 23.555555999999996, 24.346575, -0.6144689999999855, 160.13817, 64.77643499999999, 50.27441999999999]","[0.0, 0.0, 3.0, 4.0, 0.0, 1.0, 4.0, 1.0, 1.0, 3.0, 1.0, 4.0, 0.0, 0.0, 3.0, 1.0]","[-13.0, 0.0, 18.0, 12.0, 3.0, 16.0, 18.0, 12.0, 14.0, 12.0, 16.0, 12.0, 10.0, -41.0, 12.0, 14.0]"
1791461553.7421315,"[-26.718096000000003, 26.455959000000007, 24.78603000000001, 25.752831000000015, -0.08712299999999118, 24.08290199999999, 24.08290199999999, 26.016503999999998, 26.631741000000005, 25.049702999999994, 24.698138999999998, 25.66494, -0.6144689999999855, 158.292459, 65.567454, 51.32911200000001]","[0.0, 1.0, 4.0, 2.0, 1.0, 3.0, 1.0, 2.0, 2.0, 1.0, 2.0, 5.0, 0.0, -3.0, 6.0, 2.0]","[-12.0, 14.0, 20.0, 13.0, 0.0, 18.0, 19.0, 12.0, 14.0, 15.0, 16.0, 12.0, 12.0, -31.0, 12.0, 14.0]"
1791461553.965711,"[-27.77278799999999, 26.807523000000003, 25.840722, 26.71963199999999, -0.08712299999999118, 24.170793000000003, 25.313376000000005, 26.895413999999988, 27.59854200000001, 25.313376000000005, 25.66494, 26.455959000000007, -0.6144689999999855, 157.413549, 66.885819, 52.29591300000001]","[-2.0, 1.0, 1.0, 1.0, 1.0, 1.0, 2.0, 1.0, 2.0, 1.0, 3.0, 1.0, 0.0, -1.0, 3.0, 1.0]","[-12.0, 16.0, 20.0, 13.0, 0.0, 25.0, 18.0, 12.0, 14.0, 18.0, 15.0, 13.0, 11.0, -35.0, 12.0, 15.0]"
1791461554.1904635,"[-28.475916000000012, 27.071196000000015, 26.631741000000005, 27.862214999999992, -0.08712299999999118, 24.522357, 26.368067999999994, 27.686432999999994, 28.653233999999998, 25.489158000000003, 26.455959000000007, 27.774324000000007, -0.6144689999999855, 156.53463900000003, 67.76472900000002, 53.350605]","[0.0, 1.0, 1.0, 2.0, 1.0, 1.0, 1.0, 1.0, 1.0, 1.0, 1.0, 3.0, 0.0, -1.0, 3.0, 3.0]","[-12.0, 17.0, 21.0, 12.0, 0.0, 30.0, 18.0, 12.0, 14.0, 22.0, 15.0, 12.0, 10.0, -33.0, 13.0, 14.0]"
1791461554.4152925,"[-29.354826000000003, 27.42276000000001, 27.862214999999992, 28.829015999999996, -0.08712299999999118, 24.873920999999996, 27.59854200000001, 28.653233999999998, 29.883708000000013, 25.840722, 27.686432999999994, 28.829015999999996, -0.6144689999999855, 155.47994699999998, 68.819421, 54.22951499999999]","[0.0, 1.0, 3.0, 1.0, 1.0, 1.0, 1.0, 1.0, 2.0, 1.0, 2.0, 1.0, 0.0, 0.0, 1.0, 1.0]","[-12.0, 19.0, 19.0, 14.0, 0.0, 35.0, 17.0, 12.0, 13.0, 27.0, 16.0, 11.0, 11.0, -33.0, 12.0, 14.0]"
1791461554.6395862,"[-30.58529999999999, 27.686432999999994, 28.653233999999998, 29.883708000000013, -0.08712299999999118, 24.873920999999996, 28.477452, 29.883708000000013, 30.323162999999994, 26.10439500000001, 28.477452, 29.620035, -0.6144689999999855, 155.304165, 69.78622200000001, 55.372097999999994]","[-2.0, 1.0, 1.0, 3.0, 1.0, 1.0, 3.0, 1.0, 7.0, 1.0, 1.0, 3.0, 0.0, 0.0, 3.0, 3.0]","[-13.0, 24.0, 20.0, 12.0, 0.0, 43.0, 18.0, 11.0, 14.0, 32.0, 16.0, 11.0, 11.0, -40.0, 12.0, 14.0]"
1791461554.862036,"[-31.639992000000007, 28.565343000000013, 29.707926000000015, 30.850508999999988, -0.17501400000000444, 25.66494, 29.620035, 31.026291000000015, 31.817309999999992, 26.807523000000003, 29.707926000000015, 30.850508999999988, -0.6144689999999855, 153.45845400000002, 70.40145900000002, 56.338899]","[0.0, 3.0, 1.0, 0.0, 0.0, 1.0, 2.0, 3.0, 1.0, 1.0, 2.0, 1.0, 0.0, -1.0, 7.0, 2.0]","[-12.0, 26.0, 20.0, 13.0, 3.0, 45.0, 16.0, 11.0, 14.0, 35.0, 15.0, 12.0, 11.0, -32.0, 13.0, 14.0]"
1791461555.0872848,"[-32.60679300000001, 29.180579999999992, 30.762618000000003, 31.99309199999999, -0.08712299999999118, 26.543849999999992, 30.67472699999999, 31.905201000000005, 32.69622000000001, 27.42276000000001, 30.23527200000001, 31.817309999999992, -0.6144689999999855, 152.22798, 71.89560600000002, 57.21780900000002]","[-1.0, 1.0, 1.0, 1.0, 1.0, 4.0, 1.0, 1.0, 3.0, 1.0, 1.0, 1.0, 0.0, -1.0, 1.0, 1.0]","[-12.0, 28.0, 19.0, 13.0, 0.0, 45.0, 17.0, 12.0, 14.0, 39.0, 17.0, 12.0, 11.0, -30.0, 12.0, 14.0]"
1791461555.3088622,"[-33.485703, 29.971598999999998, 31.641527999999994, 32.959892999999994, -0.08712299999999118, 27.334868999999998, 31.641527999999994, 32.784110999999996, 33.31145699999999, 28.213778999999988, 31.465745999999996, 32.69622000000001, -0.6144689999999855, 151.524852, 73.03818900000002, 58.36039199999999]","[-1.0, 1.0, 1.0, 1.0, 1.0, 0.0, 2.0, 1.0, 7.0, 1.0, 2.0, 3.0, 0.0, 0.0, 3.0, 1.0]","[-12.0, 29.0, 20.0, 12.0, 0.0, 49.0, 17.0, 12.0, 15.0, 40.0, 17.0, 13.0, 11.0, -33.0, 12.0, 14.0]"
1791461555.7748578,"[-34.628286, 30.05949000000001, 32.959892999999994, 34.19036700000001, -0.08712299999999118, 28.565343000000013, 32.784110999999996, 34.102475999999996, 34.80560399999999, 28.213778999999988, 32.608329, 33.750912, -0.6144689999999855, 150.733833, 73.91709900000001, 59.327192999999994]","[0.0, 1.0, 2.0, 1.0, 1.0, 1.0, 1.0, 0.0, 1.0, 1.0, 1.0, 2.0, 0.0, 0.0, 1.0, 0.0]","[-12.0, 37.0, 19.0, 11.0, 0.0, 46.0, 16.0, 11.0, 13.0, 51.0, 16.0, 11.0, 11.0, -35.0, 12.0, 15.0]"
1791461555.9978712,"[-35.41930500000001, 30.05949000000001, 33.83880300000001, 34.981386000000015, -0.08712299999999118, 28.565343000000013, 33.926694, 35.15716800000001, 34.80560399999999, 28.477452, 33.57513, 34.717713, -0.6144689999999855, 150.645942, 74.971791, 60.469775999999996]","[0.0, 1.0, 2.0, 3.0, 1.0, 1.0, 3.0, 3.0, 0.0, 6.0, 2.0, 4.0, 0.0, 0.0, 3.0, 3.0]","[-14.0, 41.0, 19.0, 12.0, 0.0, 57.0, 15.0, 12.0, 16.0, 54.0, 16.0, 12.0, 12.0, -44.0, 12.0, 14.0]"
1791461556.2217107,"[-36.473997, 31.026291000000015, 34.981386000000015, 35.860296000000005, -0.08712299999999118, 30.498944999999992, 35.069277, 36.036078, 36.65131500000001, 30.762618000000003, 34.717713, 35.33295000000001, -0.6144689999999855, 148.97601300000002, 76.114374, 61.436577]","[-1.0, 1.0, 4.0, 1.0, 1.0, 6.0, 5.0, 2.0, 1.0, 9.0, 4.0, 2.0, 0.0, -4.0, 3.0, 2.0]","[-12.0, 44.0, 19.0, 13.0, 0.0, 43.0, 14.0, 11.0, 14.0, 38.0, 13.0, 13.0, 11.0, -38.0, 12.0, 14.0]"
1791461556.4466133,"[-37.61658, 31.026291000000015, 36.12396899999999, 36.82709700000001, -0.08712299999999118, 30.850508999999988, 36.299751000000015, 37.09076999999999, 37.706007, 32.344656000000015, 35.68451400000001, 36.65131500000001, -0.6144689999999855, 147.745539, 77.08117500000003, 62.403378000000004]","[-1.0, 1.0, 4.0, 1.0, 1.0, 1.0, 2.0, 2.0, 2.0, 1.0, 3.0, 1.0, 0.0, -2.0, 2.0, 4.0]","[-12.0, 54.0, 18.0, 12.0, 0.0, 52.0, 14.0, 12.0, 14.0, 40.0, 14.0, 12.0, 11.0, -37.0, 12.0, 13.0]"
1791461556.6692734,"[-38.407599000000005, 33.13567499999999, 37.178661000000005, 37.881789, -0.08712299999999118, 32.959892999999994, 37.354443, 37.96968000000001, 38.58491699999999, 32.344656000000015, 36.563424, 37.44233399999999, -0.6144689999999855, 146.69084700000002, 78.13586700000002, 63.45806999999999]","[-3.0, 8.0, 4.0, 1.0, 1.0, 10.0, 4.0, 1.0, 1.0, 1.0, 2.0, 1.0, 0.0, 0.0, 1.0, 2.0]","[-12.0, 41.0, 18.0, 13.0, 0.0, 39.0, 14.0, 11.0, 14.0, 48.0, 16.0, 12.0, 11.0, -33.0, 11.0, 14.0]"
1791461556.8929806,"[-39.725964000000005, 34.278257999999994, 38.233352999999994, 38.76069899999999, -0.08712299999999118, 33.83880300000001, 38.32124400000001, 39.200154, 39.46382700000001, 33.223566000000005, 37.706007, 38.672808, -0.6144689999999855, 145.899828, 79.19055900000001, 64.33698000000001]","[-3.0, 1.0, 3.0, 1.0, 1.0, -1.0, 1.0, 1.0, 4.0, 1.0, 2.0, 1.0, 0.0, 0.0, 3.0, 2.0]","[-12.0, 43.0, 18.0, 12.0, 0.0, 43.0, 14.0, 12.0, 14.0, 51.0, 15.0, 12.0, 11.0, -35.0, 11.0, 13.0]"
1791461557.118747,"[-40.34120100000001, 34.36614900000001, 39.28804500000001, 39.815391000000005, -0.08712299999999118, 34.717713, 39.375935999999996, 40.07906399999999, 40.60641000000001, 34.893495, 38.936481000000015, 39.72749999999999, -0.6144689999999855, 144.49357200000003, 79.36634099999998, 65.391672]","[0.0, 1.0, 1.0, 4.0, 1.0, 1.0, 1.0, 1.0, 3.0, 5.0, 1.0, 2.0, 1.0, -4.0, 1.0, 1.0]","[-13.0, 52.0, 19.0, 12.0, 0.0, 44.0, 13.0, 11.0, 14.0, 40.0, 14.0, 12.0, 11.0, -31.0, 13.0, 14.0]"
1791461557.343139,"[-41.65956600000001, 36.65131500000001, 40.43062800000001, 40.694300999999996, -0.08712299999999118, 35.94818699999999, 40.60641000000001, 41.04586499999999, 41.133756000000005, 36.563424, 39.90328199999999, 40.78219200000001, -0.6144689999999855, 142.823643, 81.21205200000003, 66.44636400000002]","[-3.0, 4.0, 4.0, 1.0, 1.0, 4.0, 4.0, 2.0, 1.0, 5.0, 2.0, 5.0, 0.0, -4.0, 4.0, 1.0]","[-12.0, 38.0, 16.0, 13.0, 0.0, 37.0, 13.0, 12.0, 15.0, 37.0, 14.0, 11.0, 10.0, -26.0, 11.0, 14.0]"
1791461557.5647542,"[-42.62636699999999, 36.739205999999996, 41.573211000000015, 41.74899300000001, -0.08712299999999118, 37.09076999999999, 41.661102, 42.10055700000001, 42.54001199999999, 36.65131500000001, 41.133756000000005, 41.74899300000001, -0.6144689999999855, 142.20840600000002, 82.35463500000003, 67.41316499999999]","[0.0, 0.0, 3.0, 2.0, 1.0, 0.0, 3.0, 1.0, 3.0, 1.0, 3.0, 2.0, 0.0, 0.0, 4.0, 2.0]","[-13.0, 46.0, 17.0, 14.0, 0.0, 38.0, 13.0, 11.0, 14.0, 46.0, 13.0, 12.0, 12.0, -33.0, 11.0, 14.0]"
1791461557.7880878,"[-43.76894999999999, 38.672808, 42.54001199999999, 42.979467, -0.08712299999999118, 37.09076999999999, 42.71579399999999, 43.06735800000001, 43.68259499999999, 38.14546200000001, 42.27633900000001, 42.891576000000015, -0.6144689999999855, 141.329496, 83.14565399999998, 68.46785700000001]","[0.0, 5.0, 1.0, 3.0, 1.0, 0.0, 3.0, 1.0, 2.0, 1.0, 3.0, 1.0, 1.0, 0.0, 2.0, 1.0]","[-12.0, 39.0, 17.0, 12.0, 0.0, 46.0, 12.0, 12.0, 15.0, 41.0, 12.0, 12.0, 11.0, -31.0, 11.0, 14.0]"
1791461558.0120366,"[-44.999424000000005, 39.815391000000005, 43.59470400000001, 42.979467, -0.08712299999999118, 39.28804500000001, 43.770486000000005, 44.209941000000015, 43.68259499999999, 38.40913499999999, 43.155249, 44.03415899999999, -0.6144689999999855, 140.099022, 84.20034600000002, 69.346767]","[-1.0, 2.0, 1.0, 1.0, 1.0, 5.0, 4.0, 2.0, 0.0, 1.0, 1.0, 3.0, 1.0, -5.0, 2.0, 1.0]","[-12.0, 36.0, 17.0, 15.0, 0.0, 35.0, 13.0, 11.0, 16.0, 49.0, 13.0, 10.0, 11.0, -31.0, 12.0, 15.0]"
1791461558.236861,"[-45.96622500000001, 40.870082999999994, 44.649395999999996, 45.088851000000005, -0.08712299999999118, 39.63960900000001, 44.825177999999994, 45.17674199999999, 45.791979, 40.870082999999994, 44.38572300000001, 45.088851000000005, -0.6144689999999855, 138.78065700000002, 85.167147, 70.48935]","[-2.0, 1.0, 1.0, 5.0, 1.0, 1.0, 4.0, 2.0, 4.0, 12.0, 3.0, 3.0, 1.0, -2.0, 2.0, 2.0]","[-12.0, 38.0, 17.0, 13.0, 0.0, 41.0, 12.0, 11.0, 14.0, 31.0, 12.0, 12.0, 10.0, -28.0, 11.0, 14.0]"
1791461558.4611645,"[-46.845135, 41.04586499999999, 45.616197, 45.967760999999996, -0.08712299999999118, 41.92477500000001, 45.87987000000001, 46.23143400000001, 46.846671000000015, 42.10055700000001, 45.17674199999999, 46.143542999999994, -0.5265780000000007, 137.813856, 86.13394799999998, 71.456151]","[-1.0, 1.0, 1.0, 1.0, 1.0, 7.0, 3.0, 1.0, 1.0, 1.0, 1.0, 2.0, 1.0, -4.0, 2.0, 1.0]","[-12.0, 44.0, 16.0, 12.0, 0.0, 30.0, 12.0, 11.0, 14.0, 33.0, 13.0, 11.0, 11.0, -27.0, 11.0, 14.0]"
1791461558.6852894,"[-47.46037200000001, 43.24314000000001, 46.67088899999999, 47.19823500000001, -0.08712299999999118, 42.10055700000001, 46.934562, 47.19823500000001, 47.98925399999999, 42.10055700000001, 46.407216000000005, 47.286125999999996, -0.5265780000000007, 136.93494600000002, 87.27653099999998, 72.335061]","[0.0, 6.0, 2.0, 1.0, 1.0, 1.0, 1.0, 1.0, 2.0, 1.0, 2.0, 3.0, 1.0, 0.0, 3.0, 1.0]","[-13.0, 31.0, 16.0, 12.0, 0.0, 39.0, 12.0, 12.0, 0.0, 42.0, 13.0, 11.0, 11.0, -29.0, 12.0, 15.0]"
1791461558.9104412,"[-48.77873700000001, 44.38572300000001, 47.725581000000005, 48.34081800000001, -0.08712299999999118, 44.209941000000015, 47.98925399999999, 48.252927, 48.95605499999999, 44.297832, 47.461907999999994, 48.252927, -0.5265780000000007, 135.88025399999998, 88.06754999999998, 73.21397100000002]","[-2.0, 0.0, 4.0, 3.0, 1.0, 6.0, 3.0, 4.0, 1.0, 8.0, 3.0, 3.0, 1.0, 0.0, 5.0, 1.0]","[-11.0, 33.0, 16.0, 12.0, 0.0, 31.0, 12.0, 11.0, 0.0, 30.0, 11.0, 10.0, 11.0, -28.0, 11.0, 14.0]"
1791461559.1353,"[-49.833428999999995, 45.440415, 48.604490999999996, 49.30761899999999, -0.08712299999999118, 45.00095999999999, 49.043946000000005, 49.219728, 49.922855999999996, 45.70408800000001, 48.428709, 49.13183699999999, -0.5265780000000007, 134.64978000000002, 89.12224200000003, 74.444445]","[-1.0, 1.0, 2.0, 3.0, 1.0, 1.0, 2.0, 2.0, 1.0, 2.0, 1.0, 2.0, 1.0, -1.0, 3.0, 2.0]","[-12.0, 33.0, 16.0, 11.0, 0.0, 33.0, 12.0, 11.0, 0.0, 26.0, 12.0, 11.0, 10.0, -28.0, 12.0, 13.0]"
1791461559.355295,"[-50.712338999999986, 46.49510699999999, 49.571292, 50.538093, -0.08712299999999118, 46.582998, 50.098637999999994, 50.098637999999994, 51.065439, 46.846671000000015, 49.39551, 50.18652900000001, -0.5265780000000007, 133.24352399999998, 90.26482500000003, 75.49913699999999]","[0.0, 1.0, 1.0, 3.0, 1.0, 3.0, 3.0, 1.0, 1.0, 3.0, 2.0, 2.0, 1.0, -2.0, 2.0, 2.0]","[-13.0, 34.0, 17.0, 10.0, 0.0, 28.0, 12.0, 12.0, 0.0, 28.0, 13.0, 11.0, 11.0, -23.0, 12.0, 14.0]"
1791461559.5807202,"[-51.591249000000005, 47.725581000000005, 50.62598400000002, 51.50489400000001, -0.08712299999999118, 46.67088899999999, 51.065439, 51.15333000000001, 52.03224, 46.846671000000015, 50.538093, 51.065439, -0.5265780000000007, 132.276723, 91.05584399999998, 76.465938]","[0.0, 6.0, 2.0, 1.0, 1.0, 1.0, 2.0, 4.0, 1.0, 1.0, 3.0, 1.0, 1.0, 0.0, 1.0, 1.0]","[-13.0, 30.0, 16.0, 11.0, 0.0, 35.0, 12.0, 11.0, 0.0, 34.0, 12.0, 11.0, 11.0, -24.0, 11.0, 14.0]"
1791461559.8059328,"[-52.64594099999999, 49.13183699999999, 51.76856699999999, 52.559585999999996, -0.08712299999999118, 48.69238200000001, 52.03224, 52.29591300000001, 53.08693199999999, 48.780272999999994, 51.680676000000005, 52.208022, -0.5265780000000007, 131.573595, 92.286318, 77.256957]","[-2.0, 4.0, 1.0, 2.0, 1.0, 6.0, 1.0, 3.0, 1.0, 5.0, 5.0, 3.0, 1.0, -7.0, 3.0, 1.0]","[-12.0, 26.0, 16.0, 10.0, 0.0, 27.0, 12.0, 10.0, 0.0, 27.0, 11.0, 11.0, 11.0, -25.0, 11.0, 14.0]"
1791461560.0290327,"[-53.788523999999995, 49.83496500000001, 52.735367999999994, 53.526387, -0.08712299999999118, 48.86816400000001, 53.26271400000002, 53.26271400000002, 53.96584200000001, 50.27441999999999, 52.559585999999996, 53.174823, -0.5265780000000007, 130.079448, 93.16522800000001, 78.39954]","[-1.0, 1.0, 3.0, 1.0, 1.0, 1.0, 2.0, 1.0, 1.0, 2.0, 1.0, 2.0, 1.0, -2.0, 3.0, 3.0]","[-11.0, 31.0, 16.0, 11.0, 0.0, 35.0, 11.0, 10.0, 8.0, 24.0, 11.0, 11.0, 11.0, -22.0, 11.0, 14.0]"
1791461560.2547524,"[-54.491652, 50.713875, 53.79006000000001, 54.317406000000005, -0.08712299999999118, 50.62598400000002, 54.40529699999999, 54.14162400000001, 55.020534, 51.32911200000001, 53.526387, 54.14162400000001, -0.5265780000000007, 129.02475600000002, 94.13202899999999, 79.542123]","[0.0, 2.0, 4.0, 1.0, 1.0, 6.0, 4.0, 1.0, 1.0, 2.0, 1.0, 2.0, 1.0, 0.0, 3.0, 3.0]","[-12.0, 31.0, 16.0, 10.0, 0.0, 25.0, 10.0, 10.0, 0.0, 26.0, 12.0, 10.0, 11.0, -23.0, 11.0, 14.0]"
1791461560.479103,"[-55.45845299999999, 52.120131000000015, 54.756861000000015, 55.54787999999999, -0.08712299999999118, 51.76856699999999, 55.635771000000005, 55.28420700000001, 56.075226000000015, 51.94434900000002, 54.58107900000002, 55.10842500000001, -0.5265780000000007, 127.88217300000002, 95.362503, 79.63001400000002]","[0.0, 7.0, 2.0, 1.0, 1.0, 1.0, 2.0, 3.0, 1.0, 1.0, 4.0, 1.0, 1.0, -3.0, 2.0, 1.0]","[-13.0, 27.0, 16.0, 11.0, 0.0, 27.0, 10.0, 11.0, 0.0, 27.0, 11.0, 11.0, 11.0, -23.0, 11.0, 13.0]"
1791461560.7023237,"[-56.425253999999995, 53.526387, 55.89944400000002, 56.42679000000001, -0.08712299999999118, 52.383804, 56.338899, 55.987335, 56.86624499999999, 51.94434900000002, 55.54787999999999, 56.25100800000001, -0.5265780000000007, 127.354827, 96.24141300000002, 79.63001400000002]","[0.0, 1.0, 3.0, 2.0, 1.0, 1.0, 1.0, 1.0, 1.0, 1.0, 2.0, 4.0, 1.0, 0.0, 2.0, 1.0]","[-13.0, 27.0, 16.0, 10.0, 0.0, 29.0, 11.0, 12.0, 9.0, 34.0, 11.0, 11.0, 11.0, -26.0, 11.0, 13.0]"
1791461560.9238129,"[-57.128382, 54.493188, 56.77835400000001, 57.393591000000015, -0.08712299999999118, 52.559585999999996, 56.514680999999996, 56.163117, 57.92093700000001, 54.14162400000001, 56.42679000000001, 57.04202699999999, -0.5265780000000007, 126.563808, 97.29610500000001, 79.63001400000002]","[-1.0, 4.0, 1.0, 2.0, 1.0, 1.0, 1.0, 1.0, 1.0, 7.0, 1.0, 3.0, 1.0, -1.0, 3.0, 1.0]","[-13.0, 24.0, 15.0, 11.0, 0.0, 36.0, 12.0, 14.0, 0.0, 23.0, 13.0, 11.0, 11.0, -25.0, 11.0, 14.0]"
1791461561.1483204,"[-58.71042, 55.635771000000005, 58.008827999999994, 58.36039199999999, -0.08712299999999118, 52.47169500000001, 56.86624499999999, 56.86624499999999, 58.88773800000001, 55.196315999999996, 57.21780900000002, 58.008827999999994, -0.5265780000000007, 125.33333399999998, 98.08712400000002, 79.63001400000002]","[-3.0, 1.0, 3.0, 1.0, 1.0, 0.0, 2.0, 3.0, 1.0, 1.0, 1.0, 1.0, 1.0, -4.0, 4.0, 1.0]","[-12.0, 26.0, 16.0, 11.0, 0.0, 47.0, 16.0, 15.0, 13.0, 25.0, 13.0, 12.0, 11.0, -24.0, 11.0, 14.0]"
1791461561.3738887,"[-59.32565699999999, 56.77835400000001, 59.23930200000001, 59.23930200000001, -0.08712299999999118, 52.735367999999994, 56.954136000000005, 57.3057, 59.94243, 56.075226000000015, 58.53617400000002, 59.151410999999996, -0.5265780000000007, 124.98176999999998, 98.26290599999999, 79.63001400000002]","[-1.0, 4.0, 4.0, 1.0, 1.0, 1.0, 1.0, 1.0, 1.0, 1.0, 1.0, 3.0, 1.0, 0.0, 1.0, 1.0]","[-13.0, 24.0, 14.0, 12.0, 0.0, 51.0, 19.0, 17.0, 0.0, 25.0, 12.0, 11.0, 11.0, -30.0, 15.0, 14.0]"
1791461561.5990674,"[-60.55613099999999, 58.09671900000001, 60.293994, 59.23930200000001, -0.08712299999999118, 52.82325900000001, 56.954136000000005, 57.3057, 60.909231000000005, 56.77835400000001, 59.766648, 59.151410999999996, -0.5265780000000007, 124.89387900000003, 98.43868800000001, 79.63001400000002]","[-3.0, 3.0, 4.0, 1.0, 1.0, 1.0, 1.0, 1.0, 1.0, 3.0, 1.0, 1.0, 0.0, 0.0, 0.0, 2.0]","[-13.0, 23.0, 15.0, 11.0, 0.0, 61.0, 27.0, 21.0, 14.0, 27.0, 11.0, 11.0, 11.0, -37.0, 17.0, 14.0]"
1791461561.8207726,"[-61.610822999999996, 59.06352000000001, 61.348686000000015, 59.23930200000001, -0.08712299999999118, 52.03224, 57.04202699999999, 57.3057, 60.99712199999999, 58.272501000000005, 60.99712199999999, 59.151410999999996, -0.6144689999999855, 124.718097, 98.52657900000003, 79.542123]","[0.0, 2.0, 2.0, 1.0, 1.0, 0.0, 1.0, 1.0, 2.0, 5.0, 1.0, 1.0, 1.0, 1.0, 1.0, 0.0]","[-13.0, 24.0, 15.0, 11.0, 0.0, 11.0, 0.0, 0.0, 14.0, 21.0, 11.0, 11.0, 11.0, -46.0, 21.0, 14.0]"
1791461562.044139,"[-62.489733, 59.85453900000002, 62.403378000000004, 59.23930200000001, -0.08712299999999118, 51.94434900000002, 57.04202699999999, 57.3057, 62.57916, 59.94243, 62.13970499999999, 59.151410999999996, -0.6144689999999855, 124.63020599999999, 98.79025200000001, 79.542123]","[0.0, 1.0, 2.0, 1.0, 1.0, 0.0, 1.0, 1.0, 0.0, 1.0, 4.0, 1.0, 0.0, 0.0, 1.0, 0.0]","[-13.0, 25.0, 14.0, 11.0, 0.0, 12.0, 0.0, 0.0, 14.0, 20.0, 10.0, 11.0, 11.0, -57.0, 28.0, 14.0]"
1791461562.2676065,"[-63.720207, 60.469775999999996, 63.37017900000001, 59.23930200000001, -0.08712299999999118, 51.94434900000002, 57.04202699999999, 57.3057, 63.80963400000002, 60.99712199999999, 63.106505999999996, 59.151410999999996, -0.6144689999999855, 124.10286000000002, 98.79025200000001, 79.542123]","[0.0, 9.0, 1.0, 1.0, 1.0, 0.0, 1.0, 1.0, 3.0, 3.0, 1.0, 1.0, 0.0, 0.0, 1.0, 0.0]","[-12.0, 24.0, 14.0, 11.0, 0.0, 12.0, 0.0, 0.0, 13.0, 19.0, 10.0, 11.0, 11.0, -59.0, 35.0, 14.0]"
1791461562.4925978,"[-64.774899, 62.49126900000002, 64.51276200000001, 59.23930200000001, -0.08712299999999118, 51.94434900000002, 57.04202699999999, 57.3057, 64.77643499999999, 61.87603200000001, 63.985416000000015, 59.151410999999996, -0.6144689999999855, 124.366533, 98.79025200000001, 79.542123]","[0.0, 4.0, 3.0, 1.0, 1.0, 0.0, 1.0, 1.0, 2.0, 5.0, 2.0, 1.0, 0.0, 1.0, 1.0, 0.0]","[-12.0, 20.0, 15.0, 11.0, 0.0, 12.0, 0.0, 0.0, 13.0, 19.0, 12.0, 11.0, 3.0, -8.0, 10.0, 13.0]"
1791461562.716798,"[-65.565918, 63.45806999999999, 65.391672, 59.23930200000001, -0.08712299999999118, 51.94434900000002, 57.04202699999999, 57.3057, 65.83112700000001, 63.106505999999996, 65.12799900000002, 59.151410999999996, -0.7023599999999988, 124.366533, 98.79025200000001, 79.542123]","[-2.0, 3.0, 1.0, 1.0, 1.0, 0.0, 1.0, 1.0, 2.0, 2.0, 3.0, 1.0, 0.0, 1.0, 0.0, 0.0]","[-13.0, 19.0, 15.0, 11.0, 0.0, 12.0, 0.0, 0.0, 13.0, 17.0, 10.0, 11.0, 6.0, -8.0, 10.0, 13.0]"
1791461562.9403083,"[-66.62061, 64.33698000000001, 66.534255, 59.23930200000001, -0.08712299999999118, 51.94434900000002, 57.04202699999999, 57.3057, 66.885819, 64.249089, 66.00690900000001, 59.151410999999996, -0.7023599999999988, 124.366533, 98.79025200000001, 79.542123]","[0.0, 1.0, 3.0, 1.0, 1.0, 0.0, 1.0, 1.0, 1.0, 1.0, 1.0, 1.0, 0.0, 1.0, 1.0, 0.0]","[-12.0, 19.0, 14.0, 11.0, 0.0, 11.0, 0.0, 0.0, 12.0, 17.0, 11.0, 11.0, 9.0, -8.0, 10.0, 14.0]"
1791461563.1646516,"[-67.587411, 65.391672, 67.41316499999999, 59.23930200000001, -0.08712299999999118, 51.94434900000002, 57.04202699999999, 57.3057, 67.676838, 65.391672, 66.79792800000001, 59.151410999999996, -0.7023599999999988, 124.366533, 98.79025200000001, 79.542123]","[0.0, 5.0, 1.0, 1.0, 1.0, 0.0, 1.0, 1.0, 1.0, 2.0, 1.0, 1.0, 1.0, 1.0, 1.0, 0.0]","[-13.0, 21.0, 15.0, 12.0, 0.0, 11.0, 0.0, 0.0, 14.0, 17.0, 12.0, 11.0, 8.0, -8.0, 10.0, 13.0]"
1791461563.388884,"[-68.55421199999999, 66.44636400000002, 68.29207500000001, 59.23930200000001, -0.08712299999999118, 51.94434900000002, 57.04202699999999, 57.3057, 68.90731199999999, 66.182691, 67.76472900000002, 59.151410999999996, -0.7023599999999988, 124.366533, 98.79025200000001, 79.542123]","[0.0, 1.0, 1.0, 1.0, 1.0, 0.0, 1.0, 1.0, 1.0, 2.0, 4.0, 1.0, 0.0, 1.0, 0.0, 0.0]","[-13.0, 20.0, 15.0, 11.0, 0.0, 12.0, 0.0, 0.0, 13.0, 18.0, 10.0, 11.0, 6.0, -8.0, 10.0, 13.0]"
1791461563.6125603,"[-69.608904, 66.79792800000001, 68.555748, 59.23930200000001, -0.08712299999999118, 51.94434900000002, 57.04202699999999, 57.3057, 68.90731199999999, 67.41316499999999, 68.64363900000001, 59.151410999999996, -0.7023599999999988, 124.366533, 98.79025200000001, 79.542123]","[-1.0, 1.0, 1.0, 1.0, 1.0, 0.0, 1.0, 1.0, 1.0, 3.0, 1.0, 1.0, 0.0, 1.0, 0.0, 0.0]","[-13.0, 24.0, 18.0, 12.0, 0.0, 12.0, 0.0, 0.0, 16.0, 17.0, 11.0, 11.0, 5.0, -8.0, 10.0, 13.0]"
1791461563.838706,"[-70.575705, 67.237383, 68.90731199999999, 59.23930200000001, -0.08712299999999118, 51.94434900000002, 57.04202699999999, 57.3057, 70.840914, 68.204184, 69.170985, 59.151410999999996, -0.7023599999999988, 124.366533, 98.79025200000001, 79.542123]","[-2.0, 1.0, 1.0, 1.0, 1.0, 0.0, 1.0, 1.0, 4.0, 1.0, 1.0, 1.0, 1.0, 1.0, 1.0, 0.0]","[-12.0, 26.0, 19.0, 11.0, 0.0, 12.0, 0.0, 0.0, 13.0, 18.0, 13.0, 11.0, 9.0, -8.0, 10.0, 13.0]"
1791461564.0608206,"[-71.542506, 67.76472900000002, 69.25887600000001, 59.23930200000001, -0.08712299999999118, 51.94434900000002, 57.04202699999999, 57.3057, 71.807715, 68.819421, 69.522549, 59.151410999999996, -0.6144689999999855, 124.366533, 98.79025200000001, 79.542123]","[0.0, 1.0, 1.0, 1.0, 1.0, 0.0, 1.0, 1.0, 1.0, 0.0, 1.0, 1.0, 0.0, 1.0, 1.0, 0.0]","[-12.0, 30.0, 23.0, 12.0, 0.0, 11.0, 0.0, 0.0, 13.0, 20.0, 16.0, 11.0, 4.0, -8.0, 10.0, 13.0]"
1791461564.2836723,"[-72.685089, 68.028402, 69.698331, 59.23930200000001, -0.08712299999999118, 51.94434900000002, 57.04202699999999, 57.3057, 72.86240699999999, 69.346767, 69.874113, 59.151410999999996, -0.7023599999999988, 124.366533, 98.79025200000001, 79.542123]","[-2.0, 1.0, 1.0, 1.0, 1.0, 0.0, 1.0, 1.0, 2.0, 1.0, 1.0, 1.0, 1.0, 1.0, 1.0, 0.0]","[-12.0, 35.0, 27.0, 11.0, 0.0, 12.0, 0.0, 0.0, 13.0, 24.0, 19.0, 12.0, 6.0, -7.0, 10.0, 12.0]"
1791461564.5094683,"[-73.563999, 68.995203, 69.698331, 59.23930200000001, -0.08712299999999118, 51.94434900000002, 57.04202699999999, 57.3057, 73.477644, 69.43465800000001, 70.137786, 59.151410999999996, -0.7023599999999988, 124.366533, 98.79025200000001, 79.542123]","[0.0, 1.0, 1.0, 1.0, 1.0, 0.0, 1.0, 1.0, 1.0, 1.0, 1.0, 1.0, 0.0, 1.0, 0.0, 0.0]","[-12.0, 34.0, 33.0, 12.0, 0.0, 12.0, 0.0, 0.0, 14.0, 29.0, 23.0, 11.0, 9.0, -8.0, 10.0, 13.0]"
1791461564.7342792,"[-73.65189, 68.819421, 69.698331, 59.23930200000001, -0.08712299999999118, 51.94434900000002, 57.04202699999999, 57.3057, 74.268663, 69.78622200000001, 70.22567699999999, 59.151410999999996, -0.7023599999999988, 124.366533, 98.702361, 79.542123]","[0.0, 0.0, 1.0, 1.0, 1.0, 0.0, 1.0, 1.0, 1.0, 1.0, 0.0, 1.0, 1.0, 1.0, 0.0, 0.0]","[12.0, 14.0, 13.0, 0.0, 0.0, 12.0, 0.0, 0.0, 15.0, 35.0, 30.0, 11.0, 4.0, -8.0, 10.0, 13.0]"
1791461564.9582036,"[-73.65189, 68.819421, 69.698331, 59.23930200000001, -0.08712299999999118, 51.94434900000002, 57.04202699999999, 57.3057, 74.35655400000002, 70.22567699999999, 70.22567699999999, 59.151410999999996, -0.7023599999999988, 124.366533, 98.79025200000001, 79.542123]","[0.0, 0.0, 1.0, 1.0, 1.0, 0.0, 1.0, 1.0, 1.0, 1.0, 1.0, 1.0, 0.0, 1.0, 0.0, 0.0]","[11.0, 13.0, 14.0, 0.0, 0.0, 11.0, 0.0, 0.0, 15.0, 39.0, 32.0, 11.0, 9.0, -7.0, 10.0, 13.0]"
1791461565.179653,"[-73.65189, 68.819421, 69.698331, 59.23930200000001, -0.08712299999999118, 51.94434900000002, 57.04202699999999, 57.3057, 74.35655400000002, 69.874113, 70.04989499999999, 59.151410999999996, -0.7023599999999988, 124.366533, 98.79025200000001, 79.542123]","[0.0, 0.0, 1.0, 1.0, 1.0, 0.0, 1.0, 1.0, 1.0, 0.0, 0.0, 1.0, 0.0, 1.0, 1.0, 0.0]","[11.0, 13.0, 13.0, 0.0, 0.0, 11.0, 0.0, 0.0, 13.0, 9.0, 9.0, 0.0, 8.0, -8.0, 10.0, 13.0]"
